ISO-10303-21;
HEADER;
/* Generated by software containing ST-Developer
 * from STEP Tools, Inc. (www.steptools.com) 
 */

FILE_DESCRIPTION(
/* description */ (''),
/* implementation_level */ '2;1');

FILE_NAME(
/* name */ 'Top StimulHeat.step',
/* time_stamp */ '2025-07-09T15:26:15+02:00',
/* author */ (''),
/* organization */ (''),
/* preprocessor_version */ 'ST-DEVELOPER v20.1',
/* originating_system */ 'Autodesk Translation Framework v14.10.0.0',
/* authorisation */ '');

FILE_SCHEMA (('AUTOMOTIVE_DESIGN { 1 0 10303 214 3 1 1 }'));
ENDSEC;

DATA;
#10=MECHANICAL_DESIGN_GEOMETRIC_PRESENTATION_REPRESENTATION('',(#13),#2750);
#11=SHAPE_REPRESENTATION_RELATIONSHIP('SRR','None',#2757,#12);
#12=ADVANCED_BREP_SHAPE_REPRESENTATION('',(#14),#2749);
#13=STYLED_ITEM('',(#2766),#14);
#14=MANIFOLD_SOLID_BREP('Corps1',#1545);
#15=SPHERICAL_SURFACE('',#1683,1.);
#16=SPHERICAL_SURFACE('',#1686,1.);
#17=SPHERICAL_SURFACE('',#1694,1.25);
#18=SPHERICAL_SURFACE('',#1723,1.24999999999999);
#19=SPHERICAL_SURFACE('',#1728,1.25);
#20=SPHERICAL_SURFACE('',#1736,1.25000000000001);
#21=B_SPLINE_CURVE_WITH_KNOTS('',3,(#2493,#2494,#2495,#2496,#2497,#2498,
#2499),.UNSPECIFIED.,.F.,.F.,(4,3,4),(0.,0.00534587268790959,0.0106071468239945),
 .UNSPECIFIED.);
#22=B_SPLINE_CURVE_WITH_KNOTS('',3,(#2500,#2501,#2502,#2503),
 .UNSPECIFIED.,.F.,.F.,(4,4),(-0.0707303916192369,0.),.UNSPECIFIED.);
#23=B_SPLINE_CURVE_WITH_KNOTS('',3,(#2504,#2505,#2506,#2507),
 .UNSPECIFIED.,.F.,.F.,(4,4),(0.,0.0734918303642102),.UNSPECIFIED.);
#24=B_SPLINE_CURVE_WITH_KNOTS('',3,(#2541,#2542,#2543,#2544,#2545,#2546,
#2547,#2548,#2549,#2550,#2551,#2552,#2553,#2554,#2555,#2556),
 .UNSPECIFIED.,.F.,.F.,(4,3,3,3,3,4),(0.,0.00573042804901881,0.0116195096749368,
0.012959209174202,0.0187694160935978,0.0214572199865501),.UNSPECIFIED.);
#25=B_SPLINE_CURVE_WITH_KNOTS('',3,(#2557,#2558,#2559,#2560),
 .UNSPECIFIED.,.F.,.F.,(4,4),(-0.0313083528940454,0.),.UNSPECIFIED.);
#26=B_SPLINE_SURFACE_WITH_KNOTS('',3,3,((#2475,#2476,#2477,#2478),(#2479,
#2480,#2481,#2482),(#2483,#2484,#2485,#2486),(#2487,#2488,#2489,#2490)),
 .UNSPECIFIED.,.F.,.F.,.F.,(4,4),(4,4),(0.,1.),(0.,0.0734918303642102),
 .UNSPECIFIED.);
#27=B_SPLINE_SURFACE_WITH_KNOTS('',3,3,((#2524,#2525,#2526,#2527),(#2528,
#2529,#2530,#2531),(#2532,#2533,#2534,#2535),(#2536,#2537,#2538,#2539)),
 .UNSPECIFIED.,.F.,.F.,.F.,(4,4),(4,4),(0.173381929373365,1.),(-0.0341033898795575,
0.),.UNSPECIFIED.);
#28=LINE('',#2251,#146);
#29=LINE('',#2264,#147);
#30=LINE('',#2266,#148);
#31=LINE('',#2268,#149);
#32=LINE('',#2269,#150);
#33=LINE('',#2274,#151);
#34=LINE('',#2276,#152);
#35=LINE('',#2278,#153);
#36=LINE('',#2282,#154);
#37=LINE('',#2284,#155);
#38=LINE('',#2286,#156);
#39=LINE('',#2295,#157);
#40=LINE('',#2309,#158);
#41=LINE('',#2318,#159);
#42=LINE('',#2324,#160);
#43=LINE('',#2327,#161);
#44=LINE('',#2333,#162);
#45=LINE('',#2336,#163);
#46=LINE('',#2340,#164);
#47=LINE('',#2342,#165);
#48=LINE('',#2343,#166);
#49=LINE('',#2344,#167);
#50=LINE('',#2348,#168);
#51=LINE('',#2349,#169);
#52=LINE('',#2351,#170);
#53=LINE('',#2352,#171);
#54=LINE('',#2354,#172);
#55=LINE('',#2356,#173);
#56=LINE('',#2358,#174);
#57=LINE('',#2360,#175);
#58=LINE('',#2362,#176);
#59=LINE('',#2363,#177);
#60=LINE('',#2366,#178);
#61=LINE('',#2367,#179);
#62=LINE('',#2370,#180);
#63=LINE('',#2371,#181);
#64=LINE('',#2376,#182);
#65=LINE('',#2380,#183);
#66=LINE('',#2388,#184);
#67=LINE('',#2390,#185);
#68=LINE('',#2392,#186);
#69=LINE('',#2399,#187);
#70=LINE('',#2402,#188);
#71=LINE('',#2405,#189);
#72=LINE('',#2407,#190);
#73=LINE('',#2408,#191);
#74=LINE('',#2414,#192);
#75=LINE('',#2416,#193);
#76=LINE('',#2417,#194);
#77=LINE('',#2420,#195);
#78=LINE('',#2422,#196);
#79=LINE('',#2423,#197);
#80=LINE('',#2428,#198);
#81=LINE('',#2432,#199);
#82=LINE('',#2435,#200);
#83=LINE('',#2437,#201);
#84=LINE('',#2441,#202);
#85=LINE('',#2445,#203);
#86=LINE('',#2449,#204);
#87=LINE('',#2453,#205);
#88=LINE('',#2461,#206);
#89=LINE('',#2464,#207);
#90=LINE('',#2467,#208);
#91=LINE('',#2468,#209);
#92=LINE('',#2471,#210);
#93=LINE('',#2474,#211);
#94=LINE('',#2519,#212);
#95=LINE('',#2523,#213);
#96=LINE('',#2563,#214);
#97=LINE('',#2564,#215);
#98=LINE('',#2566,#216);
#99=LINE('',#2568,#217);
#100=LINE('',#2573,#218);
#101=LINE('',#2577,#219);
#102=LINE('',#2579,#220);
#103=LINE('',#2580,#221);
#104=LINE('',#2583,#222);
#105=LINE('',#2584,#223);
#106=LINE('',#2587,#224);
#107=LINE('',#2588,#225);
#108=LINE('',#2592,#226);
#109=LINE('',#2595,#227);
#110=LINE('',#2599,#228);
#111=LINE('',#2600,#229);
#112=LINE('',#2603,#230);
#113=LINE('',#2604,#231);
#114=LINE('',#2606,#232);
#115=LINE('',#2610,#233);
#116=LINE('',#2614,#234);
#117=LINE('',#2618,#235);
#118=LINE('',#2631,#236);
#119=LINE('',#2632,#237);
#120=LINE('',#2640,#238);
#121=LINE('',#2641,#239);
#122=LINE('',#2646,#240);
#123=LINE('',#2650,#241);
#124=LINE('',#2652,#242);
#125=LINE('',#2654,#243);
#126=LINE('',#2658,#244);
#127=LINE('',#2661,#245);
#128=LINE('',#2667,#246);
#129=LINE('',#2670,#247);
#130=LINE('',#2673,#248);
#131=LINE('',#2676,#249);
#132=LINE('',#2687,#250);
#133=LINE('',#2688,#251);
#134=LINE('',#2699,#252);
#135=LINE('',#2700,#253);
#136=LINE('',#2706,#254);
#137=LINE('',#2708,#255);
#138=LINE('',#2710,#256);
#139=LINE('',#2711,#257);
#140=LINE('',#2713,#258);
#141=LINE('',#2722,#259);
#142=LINE('',#2723,#260);
#143=LINE('',#2734,#261);
#144=LINE('',#2736,#262);
#145=LINE('',#2743,#263);
#146=VECTOR('',#1763,1.25000000000002);
#147=VECTOR('',#1778,10.);
#148=VECTOR('',#1779,10.);
#149=VECTOR('',#1780,10.);
#150=VECTOR('',#1781,10.);
#151=VECTOR('',#1784,10.);
#152=VECTOR('',#1785,10.);
#153=VECTOR('',#1786,10.);
#154=VECTOR('',#1789,10.);
#155=VECTOR('',#1790,10.);
#156=VECTOR('',#1791,10.);
#157=VECTOR('',#1802,2.25);
#158=VECTOR('',#1819,1.25);
#159=VECTOR('',#1832,2.25);
#160=VECTOR('',#1837,10.);
#161=VECTOR('',#1840,10.);
#162=VECTOR('',#1845,10.);
#163=VECTOR('',#1848,10.);
#164=VECTOR('',#1851,10.);
#165=VECTOR('',#1852,10.);
#166=VECTOR('',#1853,10.);
#167=VECTOR('',#1854,10.);
#168=VECTOR('',#1857,10.);
#169=VECTOR('',#1858,10.);
#170=VECTOR('',#1859,10.);
#171=VECTOR('',#1860,10.);
#172=VECTOR('',#1863,10.);
#173=VECTOR('',#1864,10.);
#174=VECTOR('',#1865,10.);
#175=VECTOR('',#1866,10.);
#176=VECTOR('',#1867,10.);
#177=VECTOR('',#1868,10.);
#178=VECTOR('',#1871,10.);
#179=VECTOR('',#1872,10.);
#180=VECTOR('',#1875,10.);
#181=VECTOR('',#1876,10.);
#182=VECTOR('',#1881,10.);
#183=VECTOR('',#1884,10.);
#184=VECTOR('',#1891,10.);
#185=VECTOR('',#1892,10.);
#186=VECTOR('',#1893,10.);
#187=VECTOR('',#1900,10.);
#188=VECTOR('',#1903,10.);
#189=VECTOR('',#1906,10.);
#190=VECTOR('',#1907,10.);
#191=VECTOR('',#1908,10.);
#192=VECTOR('',#1915,10.);
#193=VECTOR('',#1918,10.);
#194=VECTOR('',#1919,10.);
#195=VECTOR('',#1922,10.);
#196=VECTOR('',#1923,10.);
#197=VECTOR('',#1924,10.);
#198=VECTOR('',#1929,10.);
#199=VECTOR('',#1932,10.);
#200=VECTOR('',#1935,10.);
#201=VECTOR('',#1936,10.);
#202=VECTOR('',#1939,10.);
#203=VECTOR('',#1942,10.);
#204=VECTOR('',#1945,10.);
#205=VECTOR('',#1948,10.);
#206=VECTOR('',#1957,10.);
#207=VECTOR('',#1960,10.);
#208=VECTOR('',#1965,10.);
#209=VECTOR('',#1966,10.);
#210=VECTOR('',#1969,10.);
#211=VECTOR('',#1972,10.);
#212=VECTOR('',#1987,10.);
#213=VECTOR('',#1992,0.4);
#214=VECTOR('',#1995,1.);
#215=VECTOR('',#1996,10.);
#216=VECTOR('',#1999,10.);
#217=VECTOR('',#2000,10.);
#218=VECTOR('',#2007,0.999999999999996);
#219=VECTOR('',#2012,10.);
#220=VECTOR('',#2013,10.);
#221=VECTOR('',#2014,10.);
#222=VECTOR('',#2017,10.);
#223=VECTOR('',#2018,10.);
#224=VECTOR('',#2021,10.);
#225=VECTOR('',#2022,10.);
#226=VECTOR('',#2027,10.);
#227=VECTOR('',#2030,10.);
#228=VECTOR('',#2035,10.);
#229=VECTOR('',#2036,10.);
#230=VECTOR('',#2039,10.);
#231=VECTOR('',#2040,10.);
#232=VECTOR('',#2043,10.);
#233=VECTOR('',#2048,1.46000000000001);
#234=VECTOR('',#2053,1.46000000000001);
#235=VECTOR('',#2058,1.46000000000001);
#236=VECTOR('',#2075,10.);
#237=VECTOR('',#2076,10.);
#238=VECTOR('',#2087,10.);
#239=VECTOR('',#2088,10.);
#240=VECTOR('',#2095,10.);
#241=VECTOR('',#2102,10.);
#242=VECTOR('',#2105,10.);
#243=VECTOR('',#2108,10.);
#244=VECTOR('',#2113,10.);
#245=VECTOR('',#2116,10.);
#246=VECTOR('',#2125,10.);
#247=VECTOR('',#2130,10.);
#248=VECTOR('',#2133,10.);
#249=VECTOR('',#2136,10.);
#250=VECTOR('',#2149,10.);
#251=VECTOR('',#2150,10.);
#252=VECTOR('',#2163,10.);
#253=VECTOR('',#2164,10.);
#254=VECTOR('',#2175,10.);
#255=VECTOR('',#2178,10.);
#256=VECTOR('',#2181,10.);
#257=VECTOR('',#2182,10.);
#258=VECTOR('',#2185,10.);
#259=VECTOR('',#2198,10.);
#260=VECTOR('',#2199,10.);
#261=VECTOR('',#2214,10.);
#262=VECTOR('',#2217,10.);
#263=VECTOR('',#2230,10.);
#264=CYLINDRICAL_SURFACE('',#1566,1.25000000000002);
#265=CYLINDRICAL_SURFACE('',#1580,2.25);
#266=CYLINDRICAL_SURFACE('',#1588,1.25);
#267=CYLINDRICAL_SURFACE('',#1594,2.25);
#268=CYLINDRICAL_SURFACE('',#1595,1.);
#269=CYLINDRICAL_SURFACE('',#1598,1.);
#270=CYLINDRICAL_SURFACE('',#1613,1.5);
#271=CYLINDRICAL_SURFACE('',#1617,1.5);
#272=CYLINDRICAL_SURFACE('',#1633,1.);
#273=CYLINDRICAL_SURFACE('',#1637,0.4);
#274=CYLINDRICAL_SURFACE('',#1645,2.5);
#275=CYLINDRICAL_SURFACE('',#1646,0.400000000000003);
#276=CYLINDRICAL_SURFACE('',#1649,1.);
#277=CYLINDRICAL_SURFACE('',#1652,0.999999999999996);
#278=CYLINDRICAL_SURFACE('',#1657,3.00000000000001);
#279=CYLINDRICAL_SURFACE('',#1659,2.5);
#280=CYLINDRICAL_SURFACE('',#1664,1.46000000000001);
#281=CYLINDRICAL_SURFACE('',#1666,1.46000000000001);
#282=CYLINDRICAL_SURFACE('',#1668,1.46000000000001);
#283=CYLINDRICAL_SURFACE('',#1670,1.);
#284=CYLINDRICAL_SURFACE('',#1676,1.);
#285=CYLINDRICAL_SURFACE('',#1682,1.);
#286=CYLINDRICAL_SURFACE('',#1684,1.);
#287=CYLINDRICAL_SURFACE('',#1688,2.5);
#288=CYLINDRICAL_SURFACE('',#1690,2.5);
#289=CYLINDRICAL_SURFACE('',#1692,1.25);
#290=CYLINDRICAL_SURFACE('',#1697,1.25);
#291=CYLINDRICAL_SURFACE('',#1700,1.);
#292=CYLINDRICAL_SURFACE('',#1706,1.);
#293=CYLINDRICAL_SURFACE('',#1712,1.);
#294=CYLINDRICAL_SURFACE('',#1718,2.5);
#295=CYLINDRICAL_SURFACE('',#1720,2.5);
#296=CYLINDRICAL_SURFACE('',#1722,2.5);
#297=CYLINDRICAL_SURFACE('',#1727,1.25);
#298=CYLINDRICAL_SURFACE('',#1734,1.25);
#299=CYLINDRICAL_SURFACE('',#1735,1.25);
#300=CYLINDRICAL_SURFACE('',#1739,1.25);
#301=CYLINDRICAL_SURFACE('',#1740,1.25);
#302=CYLINDRICAL_SURFACE('',#1741,1.25);
#303=FACE_BOUND('',#441,.T.);
#304=FACE_BOUND('',#445,.T.);
#305=FACE_BOUND('',#446,.T.);
#306=FACE_BOUND('',#447,.T.);
#307=FACE_BOUND('',#448,.T.);
#308=FACE_BOUND('',#449,.T.);
#309=FACE_BOUND('',#450,.T.);
#310=FACE_BOUND('',#454,.T.);
#311=FACE_BOUND('',#466,.T.);
#312=FACE_BOUND('',#473,.T.);
#313=FACE_BOUND('',#521,.T.);
#314=FACE_BOUND('',#522,.T.);
#315=FACE_BOUND('',#523,.T.);
#316=FACE_BOUND('',#524,.T.);
#317=FACE_BOUND('',#525,.T.);
#318=PLANE('',#1564);
#319=PLANE('',#1573);
#320=PLANE('',#1586);
#321=PLANE('',#1601);
#322=PLANE('',#1602);
#323=PLANE('',#1603);
#324=PLANE('',#1604);
#325=PLANE('',#1605);
#326=PLANE('',#1606);
#327=PLANE('',#1616);
#328=PLANE('',#1620);
#329=PLANE('',#1621);
#330=PLANE('',#1622);
#331=PLANE('',#1631);
#332=PLANE('',#1636);
#333=PLANE('',#1648);
#334=PLANE('',#1651);
#335=PLANE('',#1654);
#336=PLANE('',#1655);
#337=PLANE('',#1656);
#338=PLANE('',#1661);
#339=PLANE('',#1662);
#340=PLANE('',#1663);
#341=PLANE('',#1689);
#342=PLANE('',#1691);
#343=PLANE('',#1699);
#344=PLANE('',#1717);
#345=PLANE('',#1719);
#346=PLANE('',#1721);
#347=PLANE('',#1742);
#348=PLANE('',#1743);
#349=PLANE('',#1744);
#350=FACE_OUTER_BOUND('',#439,.T.);
#351=FACE_OUTER_BOUND('',#440,.T.);
#352=FACE_OUTER_BOUND('',#442,.T.);
#353=FACE_OUTER_BOUND('',#443,.T.);
#354=FACE_OUTER_BOUND('',#444,.T.);
#355=FACE_OUTER_BOUND('',#451,.T.);
#356=FACE_OUTER_BOUND('',#452,.T.);
#357=FACE_OUTER_BOUND('',#453,.T.);
#358=FACE_OUTER_BOUND('',#455,.T.);
#359=FACE_OUTER_BOUND('',#456,.T.);
#360=FACE_OUTER_BOUND('',#457,.T.);
#361=FACE_OUTER_BOUND('',#458,.T.);
#362=FACE_OUTER_BOUND('',#459,.T.);
#363=FACE_OUTER_BOUND('',#460,.T.);
#364=FACE_OUTER_BOUND('',#461,.T.);
#365=FACE_OUTER_BOUND('',#462,.T.);
#366=FACE_OUTER_BOUND('',#463,.T.);
#367=FACE_OUTER_BOUND('',#464,.T.);
#368=FACE_OUTER_BOUND('',#465,.T.);
#369=FACE_OUTER_BOUND('',#467,.T.);
#370=FACE_OUTER_BOUND('',#468,.T.);
#371=FACE_OUTER_BOUND('',#469,.T.);
#372=FACE_OUTER_BOUND('',#470,.T.);
#373=FACE_OUTER_BOUND('',#471,.T.);
#374=FACE_OUTER_BOUND('',#472,.T.);
#375=FACE_OUTER_BOUND('',#474,.T.);
#376=FACE_OUTER_BOUND('',#475,.T.);
#377=FACE_OUTER_BOUND('',#476,.T.);
#378=FACE_OUTER_BOUND('',#477,.T.);
#379=FACE_OUTER_BOUND('',#478,.T.);
#380=FACE_OUTER_BOUND('',#479,.T.);
#381=FACE_OUTER_BOUND('',#480,.T.);
#382=FACE_OUTER_BOUND('',#481,.T.);
#383=FACE_OUTER_BOUND('',#482,.T.);
#384=FACE_OUTER_BOUND('',#483,.T.);
#385=FACE_OUTER_BOUND('',#484,.T.);
#386=FACE_OUTER_BOUND('',#485,.T.);
#387=FACE_OUTER_BOUND('',#486,.T.);
#388=FACE_OUTER_BOUND('',#487,.T.);
#389=FACE_OUTER_BOUND('',#488,.T.);
#390=FACE_OUTER_BOUND('',#489,.T.);
#391=FACE_OUTER_BOUND('',#490,.T.);
#392=FACE_OUTER_BOUND('',#491,.T.);
#393=FACE_OUTER_BOUND('',#492,.T.);
#394=FACE_OUTER_BOUND('',#493,.T.);
#395=FACE_OUTER_BOUND('',#494,.T.);
#396=FACE_OUTER_BOUND('',#495,.T.);
#397=FACE_OUTER_BOUND('',#496,.T.);
#398=FACE_OUTER_BOUND('',#497,.T.);
#399=FACE_OUTER_BOUND('',#498,.T.);
#400=FACE_OUTER_BOUND('',#499,.T.);
#401=FACE_OUTER_BOUND('',#500,.T.);
#402=FACE_OUTER_BOUND('',#501,.T.);
#403=FACE_OUTER_BOUND('',#502,.T.);
#404=FACE_OUTER_BOUND('',#503,.T.);
#405=FACE_OUTER_BOUND('',#504,.T.);
#406=FACE_OUTER_BOUND('',#505,.T.);
#407=FACE_OUTER_BOUND('',#506,.T.);
#408=FACE_OUTER_BOUND('',#507,.T.);
#409=FACE_OUTER_BOUND('',#508,.T.);
#410=FACE_OUTER_BOUND('',#509,.T.);
#411=FACE_OUTER_BOUND('',#510,.T.);
#412=FACE_OUTER_BOUND('',#511,.T.);
#413=FACE_OUTER_BOUND('',#512,.T.);
#414=FACE_OUTER_BOUND('',#513,.T.);
#415=FACE_OUTER_BOUND('',#514,.T.);
#416=FACE_OUTER_BOUND('',#515,.T.);
#417=FACE_OUTER_BOUND('',#516,.T.);
#418=FACE_OUTER_BOUND('',#517,.T.);
#419=FACE_OUTER_BOUND('',#518,.T.);
#420=FACE_OUTER_BOUND('',#519,.T.);
#421=FACE_OUTER_BOUND('',#520,.T.);
#422=FACE_OUTER_BOUND('',#526,.T.);
#423=FACE_OUTER_BOUND('',#527,.T.);
#424=FACE_OUTER_BOUND('',#528,.T.);
#425=FACE_OUTER_BOUND('',#529,.T.);
#426=FACE_OUTER_BOUND('',#530,.T.);
#427=FACE_OUTER_BOUND('',#531,.T.);
#428=FACE_OUTER_BOUND('',#532,.T.);
#429=FACE_OUTER_BOUND('',#533,.T.);
#430=FACE_OUTER_BOUND('',#534,.T.);
#431=FACE_OUTER_BOUND('',#535,.T.);
#432=FACE_OUTER_BOUND('',#536,.T.);
#433=FACE_OUTER_BOUND('',#537,.T.);
#434=FACE_OUTER_BOUND('',#538,.T.);
#435=FACE_OUTER_BOUND('',#539,.T.);
#436=FACE_OUTER_BOUND('',#540,.T.);
#437=FACE_OUTER_BOUND('',#541,.T.);
#438=FACE_OUTER_BOUND('',#542,.T.);
#439=EDGE_LOOP('',(#1002,#1003,#1004,#1005,#1006));
#440=EDGE_LOOP('',(#1007));
#441=EDGE_LOOP('',(#1008));
#442=EDGE_LOOP('',(#1009,#1010,#1011,#1012,#1013));
#443=EDGE_LOOP('',(#1014,#1015,#1016,#1017,#1018));
#444=EDGE_LOOP('',(#1019,#1020,#1021,#1022));
#445=EDGE_LOOP('',(#1023));
#446=EDGE_LOOP('',(#1024,#1025,#1026,#1027,#1028,#1029,#1030,#1031));
#447=EDGE_LOOP('',(#1032));
#448=EDGE_LOOP('',(#1033));
#449=EDGE_LOOP('',(#1034));
#450=EDGE_LOOP('',(#1035));
#451=EDGE_LOOP('',(#1036,#1037,#1038,#1039,#1040));
#452=EDGE_LOOP('',(#1041,#1042,#1043,#1044,#1045));
#453=EDGE_LOOP('',(#1046));
#454=EDGE_LOOP('',(#1047));
#455=EDGE_LOOP('',(#1048,#1049,#1050,#1051,#1052));
#456=EDGE_LOOP('',(#1053,#1054,#1055,#1056,#1057));
#457=EDGE_LOOP('',(#1058,#1059,#1060,#1061,#1062));
#458=EDGE_LOOP('',(#1063,#1064,#1065,#1066));
#459=EDGE_LOOP('',(#1067,#1068,#1069,#1070));
#460=EDGE_LOOP('',(#1071,#1072,#1073,#1074,#1075));
#461=EDGE_LOOP('',(#1076,#1077,#1078,#1079,#1080));
#462=EDGE_LOOP('',(#1081,#1082,#1083,#1084,#1085,#1086,#1087,#1088));
#463=EDGE_LOOP('',(#1089,#1090,#1091,#1092));
#464=EDGE_LOOP('',(#1093,#1094,#1095,#1096));
#465=EDGE_LOOP('',(#1097,#1098,#1099,#1100,#1101,#1102,#1103,#1104,#1105,
#1106,#1107,#1108,#1109,#1110));
#466=EDGE_LOOP('',(#1111));
#467=EDGE_LOOP('',(#1112,#1113,#1114,#1115));
#468=EDGE_LOOP('',(#1116,#1117,#1118,#1119));
#469=EDGE_LOOP('',(#1120,#1121,#1122,#1123));
#470=EDGE_LOOP('',(#1124,#1125,#1126,#1127));
#471=EDGE_LOOP('',(#1128,#1129,#1130,#1131));
#472=EDGE_LOOP('',(#1132,#1133,#1134,#1135,#1136,#1137,#1138,#1139,#1140,
#1141,#1142,#1143,#1144,#1145,#1146,#1147,#1148,#1149,#1150,#1151));
#473=EDGE_LOOP('',(#1152));
#474=EDGE_LOOP('',(#1153));
#475=EDGE_LOOP('',(#1154,#1155,#1156,#1157));
#476=EDGE_LOOP('',(#1158,#1159,#1160,#1161));
#477=EDGE_LOOP('',(#1162,#1163,#1164,#1165));
#478=EDGE_LOOP('',(#1166,#1167,#1168,#1169));
#479=EDGE_LOOP('',(#1170,#1171,#1172,#1173,#1174,#1175));
#480=EDGE_LOOP('',(#1176,#1177,#1178,#1179));
#481=EDGE_LOOP('',(#1180,#1181,#1182,#1183));
#482=EDGE_LOOP('',(#1184,#1185,#1186,#1187));
#483=EDGE_LOOP('',(#1188,#1189,#1190,#1191,#1192,#1193,#1194,#1195,#1196,
#1197));
#484=EDGE_LOOP('',(#1198,#1199,#1200,#1201,#1202,#1203));
#485=EDGE_LOOP('',(#1204,#1205,#1206,#1207));
#486=EDGE_LOOP('',(#1208,#1209,#1210,#1211));
#487=EDGE_LOOP('',(#1212,#1213,#1214,#1215));
#488=EDGE_LOOP('',(#1216,#1217,#1218,#1219));
#489=EDGE_LOOP('',(#1220,#1221,#1222,#1223));
#490=EDGE_LOOP('',(#1224,#1225,#1226,#1227));
#491=EDGE_LOOP('',(#1228,#1229,#1230,#1231));
#492=EDGE_LOOP('',(#1232,#1233,#1234,#1235));
#493=EDGE_LOOP('',(#1236,#1237,#1238,#1239));
#494=EDGE_LOOP('',(#1240,#1241,#1242,#1243));
#495=EDGE_LOOP('',(#1244,#1245,#1246,#1247));
#496=EDGE_LOOP('',(#1248,#1249,#1250,#1251));
#497=EDGE_LOOP('',(#1252,#1253,#1254,#1255));
#498=EDGE_LOOP('',(#1256,#1257,#1258,#1259));
#499=EDGE_LOOP('',(#1260,#1261,#1262,#1263));
#500=EDGE_LOOP('',(#1264,#1265,#1266,#1267));
#501=EDGE_LOOP('',(#1268,#1269,#1270,#1271));
#502=EDGE_LOOP('',(#1272,#1273,#1274,#1275));
#503=EDGE_LOOP('',(#1276,#1277,#1278));
#504=EDGE_LOOP('',(#1279,#1280,#1281,#1282));
#505=EDGE_LOOP('',(#1283,#1284,#1285));
#506=EDGE_LOOP('',(#1286,#1287,#1288,#1289));
#507=EDGE_LOOP('',(#1290,#1291,#1292,#1293));
#508=EDGE_LOOP('',(#1294,#1295,#1296,#1297));
#509=EDGE_LOOP('',(#1298,#1299,#1300,#1301));
#510=EDGE_LOOP('',(#1302,#1303,#1304,#1305));
#511=EDGE_LOOP('',(#1306,#1307,#1308));
#512=EDGE_LOOP('',(#1309,#1310,#1311,#1312));
#513=EDGE_LOOP('',(#1313,#1314,#1315,#1316));
#514=EDGE_LOOP('',(#1317,#1318,#1319,#1320));
#515=EDGE_LOOP('',(#1321,#1322,#1323,#1324));
#516=EDGE_LOOP('',(#1325,#1326,#1327,#1328));
#517=EDGE_LOOP('',(#1329,#1330,#1331,#1332));
#518=EDGE_LOOP('',(#1333,#1334,#1335,#1336));
#519=EDGE_LOOP('',(#1337,#1338,#1339,#1340));
#520=EDGE_LOOP('',(#1341,#1342,#1343,#1344,#1345,#1346,#1347,#1348,#1349,
#1350,#1351,#1352,#1353,#1354,#1355,#1356,#1357,#1358));
#521=EDGE_LOOP('',(#1359));
#522=EDGE_LOOP('',(#1360,#1361,#1362,#1363,#1364,#1365,#1366,#1367));
#523=EDGE_LOOP('',(#1368));
#524=EDGE_LOOP('',(#1369));
#525=EDGE_LOOP('',(#1370));
#526=EDGE_LOOP('',(#1371,#1372,#1373,#1374));
#527=EDGE_LOOP('',(#1375,#1376,#1377,#1378));
#528=EDGE_LOOP('',(#1379,#1380,#1381,#1382));
#529=EDGE_LOOP('',(#1383,#1384,#1385,#1386));
#530=EDGE_LOOP('',(#1387,#1388,#1389,#1390));
#531=EDGE_LOOP('',(#1391,#1392,#1393));
#532=EDGE_LOOP('',(#1394,#1395,#1396,#1397));
#533=EDGE_LOOP('',(#1398,#1399,#1400,#1401,#1402,#1403));
#534=EDGE_LOOP('',(#1404,#1405,#1406,#1407,#1408));
#535=EDGE_LOOP('',(#1409,#1410,#1411,#1412));
#536=EDGE_LOOP('',(#1413,#1414,#1415));
#537=EDGE_LOOP('',(#1416,#1417,#1418,#1419));
#538=EDGE_LOOP('',(#1420,#1421,#1422,#1423));
#539=EDGE_LOOP('',(#1424,#1425,#1426,#1427));
#540=EDGE_LOOP('',(#1428,#1429,#1430,#1431));
#541=EDGE_LOOP('',(#1432,#1433,#1434,#1435));
#542=EDGE_LOOP('',(#1436,#1437,#1438,#1439,#1440,#1441,#1442,#1443,#1444,
#1445));
#543=CIRCLE('',#1560,1.25000000000002);
#544=CIRCLE('',#1561,0.5);
#545=CIRCLE('',#1562,1.75000000000002);
#546=CIRCLE('',#1563,1.25000000000002);
#547=CIRCLE('',#1565,2.25);
#548=CIRCLE('',#1567,1.25000000000002);
#549=CIRCLE('',#1569,2.25);
#550=CIRCLE('',#1570,1.);
#551=CIRCLE('',#1571,3.25);
#552=CIRCLE('',#1572,2.25);
#553=CIRCLE('',#1574,3.25);
#554=CIRCLE('',#1575,2.5);
#555=CIRCLE('',#1576,3.00000000000001);
#556=CIRCLE('',#1577,1.46000000000001);
#557=CIRCLE('',#1578,1.46000000000001);
#558=CIRCLE('',#1579,1.46000000000001);
#559=CIRCLE('',#1582,1.25);
#560=CIRCLE('',#1583,0.5);
#561=CIRCLE('',#1584,1.75);
#562=CIRCLE('',#1585,1.25);
#563=CIRCLE('',#1587,2.25);
#564=CIRCLE('',#1589,1.25);
#565=CIRCLE('',#1591,2.25);
#566=CIRCLE('',#1592,1.);
#567=CIRCLE('',#1593,2.25);
#568=CIRCLE('',#1596,1.);
#569=CIRCLE('',#1597,0.999999999999992);
#570=CIRCLE('',#1599,1.);
#571=CIRCLE('',#1600,1.);
#572=CIRCLE('',#1607,2.5);
#573=CIRCLE('',#1608,2.5);
#574=CIRCLE('',#1609,2.5);
#575=CIRCLE('',#1610,0.4);
#576=CIRCLE('',#1611,0.400000000000003);
#577=CIRCLE('',#1612,1.25);
#578=CIRCLE('',#1614,1.5);
#579=CIRCLE('',#1615,1.5);
#580=CIRCLE('',#1618,1.5);
#581=CIRCLE('',#1619,1.5);
#582=CIRCLE('',#1623,1.25);
#583=CIRCLE('',#1624,1.25);
#584=CIRCLE('',#1625,1.25);
#585=CIRCLE('',#1626,1.);
#586=CIRCLE('',#1627,2.5);
#587=CIRCLE('',#1628,2.5);
#588=CIRCLE('',#1629,2.5);
#589=CIRCLE('',#1630,1.);
#590=CIRCLE('',#1632,0.999999999999997);
#591=CIRCLE('',#1634,1.00000000000012);
#592=CIRCLE('',#1635,1.00000000000001);
#593=CIRCLE('',#1638,0.399999999999987);
#594=CIRCLE('',#1640,2.36602540378448);
#595=CIRCLE('',#1641,2.5);
#596=CIRCLE('',#1642,0.999999999999997);
#597=CIRCLE('',#1643,1.5);
#598=CIRCLE('',#1644,0.999999999999886);
#599=CIRCLE('',#1647,0.399999999999985);
#600=CIRCLE('',#1650,1.);
#601=CIRCLE('',#1653,0.999999999999996);
#602=CIRCLE('',#1658,3.00000000000001);
#603=CIRCLE('',#1660,2.5);
#604=CIRCLE('',#1665,1.46000000000001);
#605=CIRCLE('',#1667,1.46000000000001);
#606=CIRCLE('',#1669,1.46000000000001);
#607=CIRCLE('',#1671,0.999999999999985);
#608=CIRCLE('',#1673,0.999999999999939);
#609=CIRCLE('',#1674,2.5);
#610=CIRCLE('',#1675,1.5);
#611=CIRCLE('',#1677,1.00000000000001);
#612=CIRCLE('',#1679,1.00000000000001);
#613=CIRCLE('',#1680,2.5);
#614=CIRCLE('',#1681,3.5);
#615=CIRCLE('',#1685,0.999999999999985);
#616=CIRCLE('',#1687,1.00000000000001);
#617=CIRCLE('',#1693,1.25000000000001);
#618=CIRCLE('',#1695,1.24999999999999);
#619=CIRCLE('',#1696,1.25000000000001);
#620=CIRCLE('',#1698,1.25000000000001);
#621=CIRCLE('',#1701,1.);
#622=CIRCLE('',#1703,1.00000000000007);
#623=CIRCLE('',#1704,2.5);
#624=CIRCLE('',#1705,1.5);
#625=CIRCLE('',#1707,1.);
#626=CIRCLE('',#1709,1.);
#627=CIRCLE('',#1710,2.5);
#628=CIRCLE('',#1711,3.5);
#629=CIRCLE('',#1713,0.999999999999989);
#630=CIRCLE('',#1715,2.5);
#631=CIRCLE('',#1716,1.5);
#632=CIRCLE('',#1724,1.25000000000001);
#633=CIRCLE('',#1725,1.24999999999999);
#634=CIRCLE('',#1726,1.25);
#635=CIRCLE('',#1729,1.25000000000001);
#636=CIRCLE('',#1730,1.25000000000001);
#637=CIRCLE('',#1731,1.25);
#638=CIRCLE('',#1732,1.25000000000001);
#639=CIRCLE('',#1733,1.24999999999999);
#640=CIRCLE('',#1737,1.25000000000001);
#641=CIRCLE('',#1738,1.25);
#642=VERTEX_POINT('',#2239);
#643=VERTEX_POINT('',#2240);
#644=VERTEX_POINT('',#2242);
#645=VERTEX_POINT('',#2247);
#646=VERTEX_POINT('',#2250);
#647=VERTEX_POINT('',#2254);
#648=VERTEX_POINT('',#2255);
#649=VERTEX_POINT('',#2257);
#650=VERTEX_POINT('',#2262);
#651=VERTEX_POINT('',#2263);
#652=VERTEX_POINT('',#2265);
#653=VERTEX_POINT('',#2267);
#654=VERTEX_POINT('',#2270);
#655=VERTEX_POINT('',#2272);
#656=VERTEX_POINT('',#2273);
#657=VERTEX_POINT('',#2275);
#658=VERTEX_POINT('',#2277);
#659=VERTEX_POINT('',#2279);
#660=VERTEX_POINT('',#2281);
#661=VERTEX_POINT('',#2283);
#662=VERTEX_POINT('',#2285);
#663=VERTEX_POINT('',#2288);
#664=VERTEX_POINT('',#2290);
#665=VERTEX_POINT('',#2292);
#666=VERTEX_POINT('',#2297);
#667=VERTEX_POINT('',#2298);
#668=VERTEX_POINT('',#2300);
#669=VERTEX_POINT('',#2305);
#670=VERTEX_POINT('',#2308);
#671=VERTEX_POINT('',#2312);
#672=VERTEX_POINT('',#2313);
#673=VERTEX_POINT('',#2320);
#674=VERTEX_POINT('',#2321);
#675=VERTEX_POINT('',#2323);
#676=VERTEX_POINT('',#2325);
#677=VERTEX_POINT('',#2329);
#678=VERTEX_POINT('',#2330);
#679=VERTEX_POINT('',#2332);
#680=VERTEX_POINT('',#2334);
#681=VERTEX_POINT('',#2338);
#682=VERTEX_POINT('',#2339);
#683=VERTEX_POINT('',#2341);
#684=VERTEX_POINT('',#2346);
#685=VERTEX_POINT('',#2347);
#686=VERTEX_POINT('',#2350);
#687=VERTEX_POINT('',#2355);
#688=VERTEX_POINT('',#2357);
#689=VERTEX_POINT('',#2359);
#690=VERTEX_POINT('',#2361);
#691=VERTEX_POINT('',#2365);
#692=VERTEX_POINT('',#2369);
#693=VERTEX_POINT('',#2373);
#694=VERTEX_POINT('',#2375);
#695=VERTEX_POINT('',#2377);
#696=VERTEX_POINT('',#2379);
#697=VERTEX_POINT('',#2381);
#698=VERTEX_POINT('',#2383);
#699=VERTEX_POINT('',#2385);
#700=VERTEX_POINT('',#2387);
#701=VERTEX_POINT('',#2389);
#702=VERTEX_POINT('',#2391);
#703=VERTEX_POINT('',#2395);
#704=VERTEX_POINT('',#2396);
#705=VERTEX_POINT('',#2398);
#706=VERTEX_POINT('',#2400);
#707=VERTEX_POINT('',#2404);
#708=VERTEX_POINT('',#2406);
#709=VERTEX_POINT('',#2410);
#710=VERTEX_POINT('',#2412);
#711=VERTEX_POINT('',#2419);
#712=VERTEX_POINT('',#2421);
#713=VERTEX_POINT('',#2425);
#714=VERTEX_POINT('',#2427);
#715=VERTEX_POINT('',#2429);
#716=VERTEX_POINT('',#2431);
#717=VERTEX_POINT('',#2433);
#718=VERTEX_POINT('',#2436);
#719=VERTEX_POINT('',#2438);
#720=VERTEX_POINT('',#2440);
#721=VERTEX_POINT('',#2442);
#722=VERTEX_POINT('',#2444);
#723=VERTEX_POINT('',#2446);
#724=VERTEX_POINT('',#2448);
#725=VERTEX_POINT('',#2450);
#726=VERTEX_POINT('',#2452);
#727=VERTEX_POINT('',#2456);
#728=VERTEX_POINT('',#2459);
#729=VERTEX_POINT('',#2460);
#730=VERTEX_POINT('',#2462);
#731=VERTEX_POINT('',#2470);
#732=VERTEX_POINT('',#2472);
#733=VERTEX_POINT('',#2491);
#734=VERTEX_POINT('',#2492);
#735=VERTEX_POINT('',#2509);
#736=VERTEX_POINT('',#2511);
#737=VERTEX_POINT('',#2513);
#738=VERTEX_POINT('',#2515);
#739=VERTEX_POINT('',#2521);
#740=VERTEX_POINT('',#2540);
#741=VERTEX_POINT('',#2562);
#742=VERTEX_POINT('',#2567);
#743=VERTEX_POINT('',#2572);
#744=VERTEX_POINT('',#2576);
#745=VERTEX_POINT('',#2578);
#746=VERTEX_POINT('',#2582);
#747=VERTEX_POINT('',#2586);
#748=VERTEX_POINT('',#2590);
#749=VERTEX_POINT('',#2594);
#750=VERTEX_POINT('',#2598);
#751=VERTEX_POINT('',#2602);
#752=VERTEX_POINT('',#2608);
#753=VERTEX_POINT('',#2612);
#754=VERTEX_POINT('',#2616);
#755=VERTEX_POINT('',#2622);
#756=VERTEX_POINT('',#2623);
#757=VERTEX_POINT('',#2628);
#758=VERTEX_POINT('',#2629);
#759=VERTEX_POINT('',#2634);
#760=VERTEX_POINT('',#2635);
#761=VERTEX_POINT('',#2644);
#762=VERTEX_POINT('',#2657);
#763=VERTEX_POINT('',#2659);
#764=VERTEX_POINT('',#2666);
#765=VERTEX_POINT('',#2672);
#766=VERTEX_POINT('',#2674);
#767=VERTEX_POINT('',#2678);
#768=VERTEX_POINT('',#2679);
#769=VERTEX_POINT('',#2684);
#770=VERTEX_POINT('',#2685);
#771=VERTEX_POINT('',#2690);
#772=VERTEX_POINT('',#2691);
#773=VERTEX_POINT('',#2696);
#774=VERTEX_POINT('',#2697);
#775=VERTEX_POINT('',#2716);
#776=VERTEX_POINT('',#2718);
#777=VERTEX_POINT('',#2726);
#778=VERTEX_POINT('',#2728);
#779=VERTEX_POINT('',#2730);
#780=EDGE_CURVE('',#642,#643,#543,.T.);
#781=EDGE_CURVE('',#643,#644,#544,.T.);
#782=EDGE_CURVE('',#644,#644,#545,.T.);
#783=EDGE_CURVE('',#643,#642,#546,.T.);
#784=EDGE_CURVE('',#645,#645,#547,.T.);
#785=EDGE_CURVE('',#642,#646,#28,.T.);
#786=EDGE_CURVE('',#646,#646,#548,.T.);
#787=EDGE_CURVE('',#647,#648,#549,.T.);
#788=EDGE_CURVE('',#648,#649,#550,.T.);
#789=EDGE_CURVE('',#649,#649,#551,.T.);
#790=EDGE_CURVE('',#648,#647,#552,.T.);
#791=EDGE_CURVE('',#650,#651,#29,.T.);
#792=EDGE_CURVE('',#652,#650,#30,.T.);
#793=EDGE_CURVE('',#653,#652,#31,.T.);
#794=EDGE_CURVE('',#651,#653,#32,.T.);
#795=EDGE_CURVE('',#654,#654,#553,.T.);
#796=EDGE_CURVE('',#655,#656,#33,.T.);
#797=EDGE_CURVE('',#656,#657,#34,.T.);
#798=EDGE_CURVE('',#657,#658,#35,.T.);
#799=EDGE_CURVE('',#658,#659,#554,.T.);
#800=EDGE_CURVE('',#659,#660,#36,.T.);
#801=EDGE_CURVE('',#660,#661,#37,.T.);
#802=EDGE_CURVE('',#661,#662,#38,.T.);
#803=EDGE_CURVE('',#662,#655,#555,.T.);
#804=EDGE_CURVE('',#663,#663,#556,.T.);
#805=EDGE_CURVE('',#664,#664,#557,.T.);
#806=EDGE_CURVE('',#665,#665,#558,.T.);
#807=EDGE_CURVE('',#647,#645,#39,.T.);
#808=EDGE_CURVE('',#666,#667,#559,.T.);
#809=EDGE_CURVE('',#667,#668,#560,.T.);
#810=EDGE_CURVE('',#668,#668,#561,.T.);
#811=EDGE_CURVE('',#667,#666,#562,.T.);
#812=EDGE_CURVE('',#669,#669,#563,.T.);
#813=EDGE_CURVE('',#666,#670,#40,.T.);
#814=EDGE_CURVE('',#670,#670,#564,.T.);
#815=EDGE_CURVE('',#671,#672,#565,.T.);
#816=EDGE_CURVE('',#672,#654,#566,.T.);
#817=EDGE_CURVE('',#672,#671,#567,.T.);
#818=EDGE_CURVE('',#671,#669,#41,.T.);
#819=EDGE_CURVE('',#673,#674,#568,.T.);
#820=EDGE_CURVE('',#674,#675,#42,.T.);
#821=EDGE_CURVE('',#675,#676,#569,.T.);
#822=EDGE_CURVE('',#676,#673,#43,.T.);
#823=EDGE_CURVE('',#677,#678,#570,.T.);
#824=EDGE_CURVE('',#678,#679,#44,.T.);
#825=EDGE_CURVE('',#679,#680,#571,.T.);
#826=EDGE_CURVE('',#680,#677,#45,.T.);
#827=EDGE_CURVE('',#681,#682,#46,.T.);
#828=EDGE_CURVE('',#683,#681,#47,.T.);
#829=EDGE_CURVE('',#683,#674,#48,.T.);
#830=EDGE_CURVE('',#682,#673,#49,.T.);
#831=EDGE_CURVE('',#684,#685,#50,.T.);
#832=EDGE_CURVE('',#678,#684,#51,.T.);
#833=EDGE_CURVE('',#677,#686,#52,.T.);
#834=EDGE_CURVE('',#685,#686,#53,.T.);
#835=EDGE_CURVE('',#686,#683,#54,.T.);
#836=EDGE_CURVE('',#687,#681,#55,.T.);
#837=EDGE_CURVE('',#688,#687,#56,.T.);
#838=EDGE_CURVE('',#689,#688,#57,.T.);
#839=EDGE_CURVE('',#690,#689,#58,.T.);
#840=EDGE_CURVE('',#685,#690,#59,.T.);
#841=EDGE_CURVE('',#676,#691,#60,.T.);
#842=EDGE_CURVE('',#682,#691,#61,.T.);
#843=EDGE_CURVE('',#692,#684,#62,.T.);
#844=EDGE_CURVE('',#679,#692,#63,.T.);
#845=EDGE_CURVE('',#691,#693,#572,.T.);
#846=EDGE_CURVE('',#693,#694,#64,.T.);
#847=EDGE_CURVE('',#694,#695,#573,.T.);
#848=EDGE_CURVE('',#695,#696,#65,.T.);
#849=EDGE_CURVE('',#696,#697,#574,.T.);
#850=EDGE_CURVE('',#697,#698,#575,.T.);
#851=EDGE_CURVE('',#698,#699,#576,.T.);
#852=EDGE_CURVE('',#699,#700,#66,.T.);
#853=EDGE_CURVE('',#700,#701,#67,.T.);
#854=EDGE_CURVE('',#701,#702,#68,.T.);
#855=EDGE_CURVE('',#702,#687,#577,.T.);
#856=EDGE_CURVE('',#703,#704,#578,.T.);
#857=EDGE_CURVE('',#704,#705,#69,.T.);
#858=EDGE_CURVE('',#705,#706,#579,.T.);
#859=EDGE_CURVE('',#706,#703,#70,.T.);
#860=EDGE_CURVE('',#704,#707,#71,.T.);
#861=EDGE_CURVE('',#708,#707,#72,.T.);
#862=EDGE_CURVE('',#708,#705,#73,.T.);
#863=EDGE_CURVE('',#709,#708,#580,.T.);
#864=EDGE_CURVE('',#707,#710,#581,.T.);
#865=EDGE_CURVE('',#710,#709,#74,.T.);
#866=EDGE_CURVE('',#701,#706,#75,.T.);
#867=EDGE_CURVE('',#703,#700,#76,.T.);
#868=EDGE_CURVE('',#710,#711,#77,.T.);
#869=EDGE_CURVE('',#712,#711,#78,.T.);
#870=EDGE_CURVE('',#709,#712,#79,.T.);
#871=EDGE_CURVE('',#690,#713,#582,.T.);
#872=EDGE_CURVE('',#713,#714,#80,.T.);
#873=EDGE_CURVE('',#714,#715,#583,.T.);
#874=EDGE_CURVE('',#715,#716,#81,.T.);
#875=EDGE_CURVE('',#716,#717,#584,.T.);
#876=EDGE_CURVE('',#717,#712,#82,.T.);
#877=EDGE_CURVE('',#711,#718,#83,.T.);
#878=EDGE_CURVE('',#718,#719,#585,.T.);
#879=EDGE_CURVE('',#719,#720,#84,.T.);
#880=EDGE_CURVE('',#720,#721,#586,.T.);
#881=EDGE_CURVE('',#721,#722,#85,.T.);
#882=EDGE_CURVE('',#722,#723,#587,.T.);
#883=EDGE_CURVE('',#723,#724,#86,.T.);
#884=EDGE_CURVE('',#724,#725,#588,.T.);
#885=EDGE_CURVE('',#725,#726,#87,.T.);
#886=EDGE_CURVE('',#726,#692,#589,.T.);
#887=EDGE_CURVE('',#727,#727,#590,.T.);
#888=EDGE_CURVE('',#728,#729,#88,.T.);
#889=EDGE_CURVE('',#730,#729,#591,.T.);
#890=EDGE_CURVE('',#730,#680,#89,.T.);
#891=EDGE_CURVE('',#728,#680,#592,.T.);
#892=EDGE_CURVE('',#728,#726,#90,.T.);
#893=EDGE_CURVE('',#729,#725,#91,.T.);
#894=EDGE_CURVE('',#731,#697,#92,.T.);
#895=EDGE_CURVE('',#731,#732,#593,.T.);
#896=EDGE_CURVE('',#732,#698,#93,.T.);
#897=EDGE_CURVE('',#733,#734,#21,.F.);
#898=EDGE_CURVE('',#734,#732,#22,.T.);
#899=EDGE_CURVE('',#731,#733,#23,.T.);
#900=EDGE_CURVE('',#733,#735,#594,.T.);
#901=EDGE_CURVE('',#731,#736,#595,.T.);
#902=EDGE_CURVE('',#737,#736,#596,.T.);
#903=EDGE_CURVE('',#737,#738,#597,.T.);
#904=EDGE_CURVE('',#738,#735,#598,.T.);
#905=EDGE_CURVE('',#696,#736,#94,.T.);
#906=EDGE_CURVE('',#732,#739,#599,.T.);
#907=EDGE_CURVE('',#739,#699,#95,.T.);
#908=EDGE_CURVE('',#740,#734,#24,.T.);
#909=EDGE_CURVE('',#740,#739,#25,.T.);
#910=EDGE_CURVE('',#739,#741,#96,.T.);
#911=EDGE_CURVE('',#741,#718,#97,.T.);
#912=EDGE_CURVE('',#735,#740,#98,.T.);
#913=EDGE_CURVE('',#738,#742,#99,.T.);
#914=EDGE_CURVE('',#742,#741,#600,.T.);
#915=EDGE_CURVE('',#727,#743,#100,.T.);
#916=EDGE_CURVE('',#743,#743,#601,.T.);
#917=EDGE_CURVE('',#744,#659,#101,.T.);
#918=EDGE_CURVE('',#745,#744,#102,.T.);
#919=EDGE_CURVE('',#745,#660,#103,.T.);
#920=EDGE_CURVE('',#746,#745,#104,.T.);
#921=EDGE_CURVE('',#746,#661,#105,.T.);
#922=EDGE_CURVE('',#747,#746,#106,.T.);
#923=EDGE_CURVE('',#747,#662,#107,.T.);
#924=EDGE_CURVE('',#748,#747,#602,.T.);
#925=EDGE_CURVE('',#748,#655,#108,.T.);
#926=EDGE_CURVE('',#749,#658,#109,.T.);
#927=EDGE_CURVE('',#744,#749,#603,.T.);
#928=EDGE_CURVE('',#750,#748,#110,.T.);
#929=EDGE_CURVE('',#750,#656,#111,.T.);
#930=EDGE_CURVE('',#751,#750,#112,.T.);
#931=EDGE_CURVE('',#751,#657,#113,.T.);
#932=EDGE_CURVE('',#749,#751,#114,.T.);
#933=EDGE_CURVE('',#752,#752,#604,.T.);
#934=EDGE_CURVE('',#752,#663,#115,.T.);
#935=EDGE_CURVE('',#753,#753,#605,.T.);
#936=EDGE_CURVE('',#753,#664,#116,.T.);
#937=EDGE_CURVE('',#754,#754,#606,.T.);
#938=EDGE_CURVE('',#754,#665,#117,.T.);
#939=EDGE_CURVE('',#728,#679,#607,.T.);
#940=EDGE_CURVE('',#755,#756,#608,.T.);
#941=EDGE_CURVE('',#756,#676,#609,.T.);
#942=EDGE_CURVE('',#675,#755,#610,.T.);
#943=EDGE_CURVE('',#757,#758,#611,.T.);
#944=EDGE_CURVE('',#758,#756,#118,.T.);
#945=EDGE_CURVE('',#755,#757,#119,.T.);
#946=EDGE_CURVE('',#759,#760,#612,.T.);
#947=EDGE_CURVE('',#760,#758,#613,.T.);
#948=EDGE_CURVE('',#757,#759,#614,.T.);
#949=EDGE_CURVE('',#736,#760,#120,.T.);
#950=EDGE_CURVE('',#759,#737,#121,.T.);
#951=EDGE_CURVE('',#741,#761,#615,.T.);
#952=EDGE_CURVE('',#761,#719,#122,.T.);
#953=EDGE_CURVE('',#742,#761,#616,.T.);
#954=EDGE_CURVE('',#756,#693,#123,.T.);
#955=EDGE_CURVE('',#694,#758,#124,.T.);
#956=EDGE_CURVE('',#760,#695,#125,.T.);
#957=EDGE_CURVE('',#714,#762,#126,.T.);
#958=EDGE_CURVE('',#762,#763,#617,.T.);
#959=EDGE_CURVE('',#763,#715,#127,.T.);
#960=EDGE_CURVE('',#762,#652,#618,.T.);
#961=EDGE_CURVE('',#652,#763,#619,.T.);
#962=EDGE_CURVE('',#762,#764,#128,.T.);
#963=EDGE_CURVE('',#764,#653,#620,.F.);
#964=EDGE_CURVE('',#764,#713,#129,.T.);
#965=EDGE_CURVE('',#742,#765,#130,.T.);
#966=EDGE_CURVE('',#765,#766,#621,.T.);
#967=EDGE_CURVE('',#766,#761,#131,.T.);
#968=EDGE_CURVE('',#767,#768,#622,.T.);
#969=EDGE_CURVE('',#768,#766,#623,.T.);
#970=EDGE_CURVE('',#765,#767,#624,.T.);
#971=EDGE_CURVE('',#769,#770,#625,.T.);
#972=EDGE_CURVE('',#770,#768,#132,.T.);
#973=EDGE_CURVE('',#767,#769,#133,.T.);
#974=EDGE_CURVE('',#771,#772,#626,.T.);
#975=EDGE_CURVE('',#772,#770,#627,.T.);
#976=EDGE_CURVE('',#769,#771,#628,.T.);
#977=EDGE_CURVE('',#773,#774,#629,.T.);
#978=EDGE_CURVE('',#774,#772,#134,.T.);
#979=EDGE_CURVE('',#771,#773,#135,.T.);
#980=EDGE_CURVE('',#729,#774,#630,.T.);
#981=EDGE_CURVE('',#773,#730,#631,.T.);
#982=EDGE_CURVE('',#724,#774,#136,.T.);
#983=EDGE_CURVE('',#772,#723,#137,.T.);
#984=EDGE_CURVE('',#768,#721,#138,.T.);
#985=EDGE_CURVE('',#766,#720,#139,.T.);
#986=EDGE_CURVE('',#722,#770,#140,.T.);
#987=EDGE_CURVE('',#775,#650,#632,.F.);
#988=EDGE_CURVE('',#776,#775,#633,.F.);
#989=EDGE_CURVE('',#650,#776,#634,.F.);
#990=EDGE_CURVE('',#716,#776,#141,.T.);
#991=EDGE_CURVE('',#775,#717,#142,.T.);
#992=EDGE_CURVE('',#688,#651,#635,.F.);
#993=EDGE_CURVE('',#777,#688,#636,.F.);
#994=EDGE_CURVE('',#778,#777,#637,.T.);
#995=EDGE_CURVE('',#779,#777,#638,.F.);
#996=EDGE_CURVE('',#651,#779,#639,.F.);
#997=EDGE_CURVE('',#702,#779,#143,.T.);
#998=EDGE_CURVE('',#779,#775,#144,.T.);
#999=EDGE_CURVE('',#689,#764,#640,.F.);
#1000=EDGE_CURVE('',#653,#689,#641,.F.);
#1001=EDGE_CURVE('',#776,#763,#145,.T.);
#1002=ORIENTED_EDGE('',*,*,#780,.T.);
#1003=ORIENTED_EDGE('',*,*,#781,.T.);
#1004=ORIENTED_EDGE('',*,*,#782,.T.);
#1005=ORIENTED_EDGE('',*,*,#781,.F.);
#1006=ORIENTED_EDGE('',*,*,#783,.T.);
#1007=ORIENTED_EDGE('',*,*,#784,.F.);
#1008=ORIENTED_EDGE('',*,*,#782,.F.);
#1009=ORIENTED_EDGE('',*,*,#780,.F.);
#1010=ORIENTED_EDGE('',*,*,#785,.T.);
#1011=ORIENTED_EDGE('',*,*,#786,.F.);
#1012=ORIENTED_EDGE('',*,*,#785,.F.);
#1013=ORIENTED_EDGE('',*,*,#783,.F.);
#1014=ORIENTED_EDGE('',*,*,#787,.T.);
#1015=ORIENTED_EDGE('',*,*,#788,.T.);
#1016=ORIENTED_EDGE('',*,*,#789,.T.);
#1017=ORIENTED_EDGE('',*,*,#788,.F.);
#1018=ORIENTED_EDGE('',*,*,#790,.T.);
#1019=ORIENTED_EDGE('',*,*,#791,.F.);
#1020=ORIENTED_EDGE('',*,*,#792,.F.);
#1021=ORIENTED_EDGE('',*,*,#793,.F.);
#1022=ORIENTED_EDGE('',*,*,#794,.F.);
#1023=ORIENTED_EDGE('',*,*,#795,.F.);
#1024=ORIENTED_EDGE('',*,*,#796,.T.);
#1025=ORIENTED_EDGE('',*,*,#797,.T.);
#1026=ORIENTED_EDGE('',*,*,#798,.T.);
#1027=ORIENTED_EDGE('',*,*,#799,.T.);
#1028=ORIENTED_EDGE('',*,*,#800,.T.);
#1029=ORIENTED_EDGE('',*,*,#801,.T.);
#1030=ORIENTED_EDGE('',*,*,#802,.T.);
#1031=ORIENTED_EDGE('',*,*,#803,.T.);
#1032=ORIENTED_EDGE('',*,*,#804,.T.);
#1033=ORIENTED_EDGE('',*,*,#805,.T.);
#1034=ORIENTED_EDGE('',*,*,#806,.T.);
#1035=ORIENTED_EDGE('',*,*,#789,.F.);
#1036=ORIENTED_EDGE('',*,*,#787,.F.);
#1037=ORIENTED_EDGE('',*,*,#807,.T.);
#1038=ORIENTED_EDGE('',*,*,#784,.T.);
#1039=ORIENTED_EDGE('',*,*,#807,.F.);
#1040=ORIENTED_EDGE('',*,*,#790,.F.);
#1041=ORIENTED_EDGE('',*,*,#808,.T.);
#1042=ORIENTED_EDGE('',*,*,#809,.T.);
#1043=ORIENTED_EDGE('',*,*,#810,.T.);
#1044=ORIENTED_EDGE('',*,*,#809,.F.);
#1045=ORIENTED_EDGE('',*,*,#811,.T.);
#1046=ORIENTED_EDGE('',*,*,#812,.F.);
#1047=ORIENTED_EDGE('',*,*,#810,.F.);
#1048=ORIENTED_EDGE('',*,*,#808,.F.);
#1049=ORIENTED_EDGE('',*,*,#813,.T.);
#1050=ORIENTED_EDGE('',*,*,#814,.F.);
#1051=ORIENTED_EDGE('',*,*,#813,.F.);
#1052=ORIENTED_EDGE('',*,*,#811,.F.);
#1053=ORIENTED_EDGE('',*,*,#815,.T.);
#1054=ORIENTED_EDGE('',*,*,#816,.T.);
#1055=ORIENTED_EDGE('',*,*,#795,.T.);
#1056=ORIENTED_EDGE('',*,*,#816,.F.);
#1057=ORIENTED_EDGE('',*,*,#817,.T.);
#1058=ORIENTED_EDGE('',*,*,#815,.F.);
#1059=ORIENTED_EDGE('',*,*,#818,.T.);
#1060=ORIENTED_EDGE('',*,*,#812,.T.);
#1061=ORIENTED_EDGE('',*,*,#818,.F.);
#1062=ORIENTED_EDGE('',*,*,#817,.F.);
#1063=ORIENTED_EDGE('',*,*,#819,.T.);
#1064=ORIENTED_EDGE('',*,*,#820,.T.);
#1065=ORIENTED_EDGE('',*,*,#821,.T.);
#1066=ORIENTED_EDGE('',*,*,#822,.T.);
#1067=ORIENTED_EDGE('',*,*,#823,.T.);
#1068=ORIENTED_EDGE('',*,*,#824,.T.);
#1069=ORIENTED_EDGE('',*,*,#825,.T.);
#1070=ORIENTED_EDGE('',*,*,#826,.T.);
#1071=ORIENTED_EDGE('',*,*,#827,.F.);
#1072=ORIENTED_EDGE('',*,*,#828,.F.);
#1073=ORIENTED_EDGE('',*,*,#829,.T.);
#1074=ORIENTED_EDGE('',*,*,#819,.F.);
#1075=ORIENTED_EDGE('',*,*,#830,.F.);
#1076=ORIENTED_EDGE('',*,*,#831,.F.);
#1077=ORIENTED_EDGE('',*,*,#832,.F.);
#1078=ORIENTED_EDGE('',*,*,#823,.F.);
#1079=ORIENTED_EDGE('',*,*,#833,.T.);
#1080=ORIENTED_EDGE('',*,*,#834,.F.);
#1081=ORIENTED_EDGE('',*,*,#834,.T.);
#1082=ORIENTED_EDGE('',*,*,#835,.T.);
#1083=ORIENTED_EDGE('',*,*,#828,.T.);
#1084=ORIENTED_EDGE('',*,*,#836,.F.);
#1085=ORIENTED_EDGE('',*,*,#837,.F.);
#1086=ORIENTED_EDGE('',*,*,#838,.F.);
#1087=ORIENTED_EDGE('',*,*,#839,.F.);
#1088=ORIENTED_EDGE('',*,*,#840,.F.);
#1089=ORIENTED_EDGE('',*,*,#830,.T.);
#1090=ORIENTED_EDGE('',*,*,#822,.F.);
#1091=ORIENTED_EDGE('',*,*,#841,.T.);
#1092=ORIENTED_EDGE('',*,*,#842,.F.);
#1093=ORIENTED_EDGE('',*,*,#832,.T.);
#1094=ORIENTED_EDGE('',*,*,#843,.F.);
#1095=ORIENTED_EDGE('',*,*,#844,.F.);
#1096=ORIENTED_EDGE('',*,*,#824,.F.);
#1097=ORIENTED_EDGE('',*,*,#827,.T.);
#1098=ORIENTED_EDGE('',*,*,#842,.T.);
#1099=ORIENTED_EDGE('',*,*,#845,.T.);
#1100=ORIENTED_EDGE('',*,*,#846,.T.);
#1101=ORIENTED_EDGE('',*,*,#847,.T.);
#1102=ORIENTED_EDGE('',*,*,#848,.T.);
#1103=ORIENTED_EDGE('',*,*,#849,.T.);
#1104=ORIENTED_EDGE('',*,*,#850,.T.);
#1105=ORIENTED_EDGE('',*,*,#851,.T.);
#1106=ORIENTED_EDGE('',*,*,#852,.T.);
#1107=ORIENTED_EDGE('',*,*,#853,.T.);
#1108=ORIENTED_EDGE('',*,*,#854,.T.);
#1109=ORIENTED_EDGE('',*,*,#855,.T.);
#1110=ORIENTED_EDGE('',*,*,#836,.T.);
#1111=ORIENTED_EDGE('',*,*,#786,.T.);
#1112=ORIENTED_EDGE('',*,*,#856,.T.);
#1113=ORIENTED_EDGE('',*,*,#857,.T.);
#1114=ORIENTED_EDGE('',*,*,#858,.T.);
#1115=ORIENTED_EDGE('',*,*,#859,.T.);
#1116=ORIENTED_EDGE('',*,*,#857,.F.);
#1117=ORIENTED_EDGE('',*,*,#860,.T.);
#1118=ORIENTED_EDGE('',*,*,#861,.F.);
#1119=ORIENTED_EDGE('',*,*,#862,.T.);
#1120=ORIENTED_EDGE('',*,*,#863,.T.);
#1121=ORIENTED_EDGE('',*,*,#861,.T.);
#1122=ORIENTED_EDGE('',*,*,#864,.T.);
#1123=ORIENTED_EDGE('',*,*,#865,.T.);
#1124=ORIENTED_EDGE('',*,*,#859,.F.);
#1125=ORIENTED_EDGE('',*,*,#866,.F.);
#1126=ORIENTED_EDGE('',*,*,#853,.F.);
#1127=ORIENTED_EDGE('',*,*,#867,.F.);
#1128=ORIENTED_EDGE('',*,*,#865,.F.);
#1129=ORIENTED_EDGE('',*,*,#868,.T.);
#1130=ORIENTED_EDGE('',*,*,#869,.F.);
#1131=ORIENTED_EDGE('',*,*,#870,.F.);
#1132=ORIENTED_EDGE('',*,*,#831,.T.);
#1133=ORIENTED_EDGE('',*,*,#840,.T.);
#1134=ORIENTED_EDGE('',*,*,#871,.T.);
#1135=ORIENTED_EDGE('',*,*,#872,.T.);
#1136=ORIENTED_EDGE('',*,*,#873,.T.);
#1137=ORIENTED_EDGE('',*,*,#874,.T.);
#1138=ORIENTED_EDGE('',*,*,#875,.T.);
#1139=ORIENTED_EDGE('',*,*,#876,.T.);
#1140=ORIENTED_EDGE('',*,*,#869,.T.);
#1141=ORIENTED_EDGE('',*,*,#877,.T.);
#1142=ORIENTED_EDGE('',*,*,#878,.T.);
#1143=ORIENTED_EDGE('',*,*,#879,.T.);
#1144=ORIENTED_EDGE('',*,*,#880,.T.);
#1145=ORIENTED_EDGE('',*,*,#881,.T.);
#1146=ORIENTED_EDGE('',*,*,#882,.T.);
#1147=ORIENTED_EDGE('',*,*,#883,.T.);
#1148=ORIENTED_EDGE('',*,*,#884,.T.);
#1149=ORIENTED_EDGE('',*,*,#885,.T.);
#1150=ORIENTED_EDGE('',*,*,#886,.T.);
#1151=ORIENTED_EDGE('',*,*,#843,.T.);
#1152=ORIENTED_EDGE('',*,*,#814,.T.);
#1153=ORIENTED_EDGE('',*,*,#887,.T.);
#1154=ORIENTED_EDGE('',*,*,#888,.T.);
#1155=ORIENTED_EDGE('',*,*,#889,.F.);
#1156=ORIENTED_EDGE('',*,*,#890,.T.);
#1157=ORIENTED_EDGE('',*,*,#891,.F.);
#1158=ORIENTED_EDGE('',*,*,#888,.F.);
#1159=ORIENTED_EDGE('',*,*,#892,.T.);
#1160=ORIENTED_EDGE('',*,*,#885,.F.);
#1161=ORIENTED_EDGE('',*,*,#893,.F.);
#1162=ORIENTED_EDGE('',*,*,#894,.F.);
#1163=ORIENTED_EDGE('',*,*,#895,.T.);
#1164=ORIENTED_EDGE('',*,*,#896,.T.);
#1165=ORIENTED_EDGE('',*,*,#850,.F.);
#1166=ORIENTED_EDGE('',*,*,#897,.T.);
#1167=ORIENTED_EDGE('',*,*,#898,.T.);
#1168=ORIENTED_EDGE('',*,*,#895,.F.);
#1169=ORIENTED_EDGE('',*,*,#899,.T.);
#1170=ORIENTED_EDGE('',*,*,#900,.F.);
#1171=ORIENTED_EDGE('',*,*,#899,.F.);
#1172=ORIENTED_EDGE('',*,*,#901,.T.);
#1173=ORIENTED_EDGE('',*,*,#902,.F.);
#1174=ORIENTED_EDGE('',*,*,#903,.T.);
#1175=ORIENTED_EDGE('',*,*,#904,.T.);
#1176=ORIENTED_EDGE('',*,*,#894,.T.);
#1177=ORIENTED_EDGE('',*,*,#849,.F.);
#1178=ORIENTED_EDGE('',*,*,#905,.T.);
#1179=ORIENTED_EDGE('',*,*,#901,.F.);
#1180=ORIENTED_EDGE('',*,*,#896,.F.);
#1181=ORIENTED_EDGE('',*,*,#906,.T.);
#1182=ORIENTED_EDGE('',*,*,#907,.T.);
#1183=ORIENTED_EDGE('',*,*,#851,.F.);
#1184=ORIENTED_EDGE('',*,*,#898,.F.);
#1185=ORIENTED_EDGE('',*,*,#908,.F.);
#1186=ORIENTED_EDGE('',*,*,#909,.T.);
#1187=ORIENTED_EDGE('',*,*,#906,.F.);
#1188=ORIENTED_EDGE('',*,*,#867,.T.);
#1189=ORIENTED_EDGE('',*,*,#852,.F.);
#1190=ORIENTED_EDGE('',*,*,#907,.F.);
#1191=ORIENTED_EDGE('',*,*,#910,.T.);
#1192=ORIENTED_EDGE('',*,*,#911,.T.);
#1193=ORIENTED_EDGE('',*,*,#877,.F.);
#1194=ORIENTED_EDGE('',*,*,#868,.F.);
#1195=ORIENTED_EDGE('',*,*,#864,.F.);
#1196=ORIENTED_EDGE('',*,*,#860,.F.);
#1197=ORIENTED_EDGE('',*,*,#856,.F.);
#1198=ORIENTED_EDGE('',*,*,#909,.F.);
#1199=ORIENTED_EDGE('',*,*,#912,.F.);
#1200=ORIENTED_EDGE('',*,*,#904,.F.);
#1201=ORIENTED_EDGE('',*,*,#913,.T.);
#1202=ORIENTED_EDGE('',*,*,#914,.T.);
#1203=ORIENTED_EDGE('',*,*,#910,.F.);
#1204=ORIENTED_EDGE('',*,*,#908,.T.);
#1205=ORIENTED_EDGE('',*,*,#897,.F.);
#1206=ORIENTED_EDGE('',*,*,#900,.T.);
#1207=ORIENTED_EDGE('',*,*,#912,.T.);
#1208=ORIENTED_EDGE('',*,*,#887,.F.);
#1209=ORIENTED_EDGE('',*,*,#915,.T.);
#1210=ORIENTED_EDGE('',*,*,#916,.F.);
#1211=ORIENTED_EDGE('',*,*,#915,.F.);
#1212=ORIENTED_EDGE('',*,*,#800,.F.);
#1213=ORIENTED_EDGE('',*,*,#917,.F.);
#1214=ORIENTED_EDGE('',*,*,#918,.F.);
#1215=ORIENTED_EDGE('',*,*,#919,.T.);
#1216=ORIENTED_EDGE('',*,*,#801,.F.);
#1217=ORIENTED_EDGE('',*,*,#919,.F.);
#1218=ORIENTED_EDGE('',*,*,#920,.F.);
#1219=ORIENTED_EDGE('',*,*,#921,.T.);
#1220=ORIENTED_EDGE('',*,*,#802,.F.);
#1221=ORIENTED_EDGE('',*,*,#921,.F.);
#1222=ORIENTED_EDGE('',*,*,#922,.F.);
#1223=ORIENTED_EDGE('',*,*,#923,.T.);
#1224=ORIENTED_EDGE('',*,*,#803,.F.);
#1225=ORIENTED_EDGE('',*,*,#923,.F.);
#1226=ORIENTED_EDGE('',*,*,#924,.F.);
#1227=ORIENTED_EDGE('',*,*,#925,.T.);
#1228=ORIENTED_EDGE('',*,*,#799,.F.);
#1229=ORIENTED_EDGE('',*,*,#926,.F.);
#1230=ORIENTED_EDGE('',*,*,#927,.F.);
#1231=ORIENTED_EDGE('',*,*,#917,.T.);
#1232=ORIENTED_EDGE('',*,*,#796,.F.);
#1233=ORIENTED_EDGE('',*,*,#925,.F.);
#1234=ORIENTED_EDGE('',*,*,#928,.F.);
#1235=ORIENTED_EDGE('',*,*,#929,.T.);
#1236=ORIENTED_EDGE('',*,*,#797,.F.);
#1237=ORIENTED_EDGE('',*,*,#929,.F.);
#1238=ORIENTED_EDGE('',*,*,#930,.F.);
#1239=ORIENTED_EDGE('',*,*,#931,.T.);
#1240=ORIENTED_EDGE('',*,*,#798,.F.);
#1241=ORIENTED_EDGE('',*,*,#931,.F.);
#1242=ORIENTED_EDGE('',*,*,#932,.F.);
#1243=ORIENTED_EDGE('',*,*,#926,.T.);
#1244=ORIENTED_EDGE('',*,*,#933,.F.);
#1245=ORIENTED_EDGE('',*,*,#934,.T.);
#1246=ORIENTED_EDGE('',*,*,#804,.F.);
#1247=ORIENTED_EDGE('',*,*,#934,.F.);
#1248=ORIENTED_EDGE('',*,*,#935,.F.);
#1249=ORIENTED_EDGE('',*,*,#936,.T.);
#1250=ORIENTED_EDGE('',*,*,#805,.F.);
#1251=ORIENTED_EDGE('',*,*,#936,.F.);
#1252=ORIENTED_EDGE('',*,*,#937,.F.);
#1253=ORIENTED_EDGE('',*,*,#938,.T.);
#1254=ORIENTED_EDGE('',*,*,#806,.F.);
#1255=ORIENTED_EDGE('',*,*,#938,.F.);
#1256=ORIENTED_EDGE('',*,*,#939,.T.);
#1257=ORIENTED_EDGE('',*,*,#844,.T.);
#1258=ORIENTED_EDGE('',*,*,#886,.F.);
#1259=ORIENTED_EDGE('',*,*,#892,.F.);
#1260=ORIENTED_EDGE('',*,*,#940,.T.);
#1261=ORIENTED_EDGE('',*,*,#941,.T.);
#1262=ORIENTED_EDGE('',*,*,#821,.F.);
#1263=ORIENTED_EDGE('',*,*,#942,.T.);
#1264=ORIENTED_EDGE('',*,*,#943,.T.);
#1265=ORIENTED_EDGE('',*,*,#944,.T.);
#1266=ORIENTED_EDGE('',*,*,#940,.F.);
#1267=ORIENTED_EDGE('',*,*,#945,.T.);
#1268=ORIENTED_EDGE('',*,*,#946,.T.);
#1269=ORIENTED_EDGE('',*,*,#947,.T.);
#1270=ORIENTED_EDGE('',*,*,#943,.F.);
#1271=ORIENTED_EDGE('',*,*,#948,.T.);
#1272=ORIENTED_EDGE('',*,*,#902,.T.);
#1273=ORIENTED_EDGE('',*,*,#949,.T.);
#1274=ORIENTED_EDGE('',*,*,#946,.F.);
#1275=ORIENTED_EDGE('',*,*,#950,.T.);
#1276=ORIENTED_EDGE('',*,*,#825,.F.);
#1277=ORIENTED_EDGE('',*,*,#939,.F.);
#1278=ORIENTED_EDGE('',*,*,#891,.T.);
#1279=ORIENTED_EDGE('',*,*,#951,.T.);
#1280=ORIENTED_EDGE('',*,*,#952,.T.);
#1281=ORIENTED_EDGE('',*,*,#878,.F.);
#1282=ORIENTED_EDGE('',*,*,#911,.F.);
#1283=ORIENTED_EDGE('',*,*,#951,.F.);
#1284=ORIENTED_EDGE('',*,*,#914,.F.);
#1285=ORIENTED_EDGE('',*,*,#953,.T.);
#1286=ORIENTED_EDGE('',*,*,#941,.F.);
#1287=ORIENTED_EDGE('',*,*,#954,.T.);
#1288=ORIENTED_EDGE('',*,*,#845,.F.);
#1289=ORIENTED_EDGE('',*,*,#841,.F.);
#1290=ORIENTED_EDGE('',*,*,#944,.F.);
#1291=ORIENTED_EDGE('',*,*,#955,.F.);
#1292=ORIENTED_EDGE('',*,*,#846,.F.);
#1293=ORIENTED_EDGE('',*,*,#954,.F.);
#1294=ORIENTED_EDGE('',*,*,#947,.F.);
#1295=ORIENTED_EDGE('',*,*,#956,.T.);
#1296=ORIENTED_EDGE('',*,*,#847,.F.);
#1297=ORIENTED_EDGE('',*,*,#955,.T.);
#1298=ORIENTED_EDGE('',*,*,#949,.F.);
#1299=ORIENTED_EDGE('',*,*,#905,.F.);
#1300=ORIENTED_EDGE('',*,*,#848,.F.);
#1301=ORIENTED_EDGE('',*,*,#956,.F.);
#1302=ORIENTED_EDGE('',*,*,#957,.T.);
#1303=ORIENTED_EDGE('',*,*,#958,.T.);
#1304=ORIENTED_EDGE('',*,*,#959,.T.);
#1305=ORIENTED_EDGE('',*,*,#873,.F.);
#1306=ORIENTED_EDGE('',*,*,#958,.F.);
#1307=ORIENTED_EDGE('',*,*,#960,.T.);
#1308=ORIENTED_EDGE('',*,*,#961,.T.);
#1309=ORIENTED_EDGE('',*,*,#960,.F.);
#1310=ORIENTED_EDGE('',*,*,#962,.T.);
#1311=ORIENTED_EDGE('',*,*,#963,.T.);
#1312=ORIENTED_EDGE('',*,*,#793,.T.);
#1313=ORIENTED_EDGE('',*,*,#964,.F.);
#1314=ORIENTED_EDGE('',*,*,#962,.F.);
#1315=ORIENTED_EDGE('',*,*,#957,.F.);
#1316=ORIENTED_EDGE('',*,*,#872,.F.);
#1317=ORIENTED_EDGE('',*,*,#953,.F.);
#1318=ORIENTED_EDGE('',*,*,#965,.T.);
#1319=ORIENTED_EDGE('',*,*,#966,.T.);
#1320=ORIENTED_EDGE('',*,*,#967,.T.);
#1321=ORIENTED_EDGE('',*,*,#968,.T.);
#1322=ORIENTED_EDGE('',*,*,#969,.T.);
#1323=ORIENTED_EDGE('',*,*,#966,.F.);
#1324=ORIENTED_EDGE('',*,*,#970,.T.);
#1325=ORIENTED_EDGE('',*,*,#971,.T.);
#1326=ORIENTED_EDGE('',*,*,#972,.T.);
#1327=ORIENTED_EDGE('',*,*,#968,.F.);
#1328=ORIENTED_EDGE('',*,*,#973,.T.);
#1329=ORIENTED_EDGE('',*,*,#974,.T.);
#1330=ORIENTED_EDGE('',*,*,#975,.T.);
#1331=ORIENTED_EDGE('',*,*,#971,.F.);
#1332=ORIENTED_EDGE('',*,*,#976,.T.);
#1333=ORIENTED_EDGE('',*,*,#977,.T.);
#1334=ORIENTED_EDGE('',*,*,#978,.T.);
#1335=ORIENTED_EDGE('',*,*,#974,.F.);
#1336=ORIENTED_EDGE('',*,*,#979,.T.);
#1337=ORIENTED_EDGE('',*,*,#889,.T.);
#1338=ORIENTED_EDGE('',*,*,#980,.T.);
#1339=ORIENTED_EDGE('',*,*,#977,.F.);
#1340=ORIENTED_EDGE('',*,*,#981,.T.);
#1341=ORIENTED_EDGE('',*,*,#826,.F.);
#1342=ORIENTED_EDGE('',*,*,#890,.F.);
#1343=ORIENTED_EDGE('',*,*,#981,.F.);
#1344=ORIENTED_EDGE('',*,*,#979,.F.);
#1345=ORIENTED_EDGE('',*,*,#976,.F.);
#1346=ORIENTED_EDGE('',*,*,#973,.F.);
#1347=ORIENTED_EDGE('',*,*,#970,.F.);
#1348=ORIENTED_EDGE('',*,*,#965,.F.);
#1349=ORIENTED_EDGE('',*,*,#913,.F.);
#1350=ORIENTED_EDGE('',*,*,#903,.F.);
#1351=ORIENTED_EDGE('',*,*,#950,.F.);
#1352=ORIENTED_EDGE('',*,*,#948,.F.);
#1353=ORIENTED_EDGE('',*,*,#945,.F.);
#1354=ORIENTED_EDGE('',*,*,#942,.F.);
#1355=ORIENTED_EDGE('',*,*,#820,.F.);
#1356=ORIENTED_EDGE('',*,*,#829,.F.);
#1357=ORIENTED_EDGE('',*,*,#835,.F.);
#1358=ORIENTED_EDGE('',*,*,#833,.F.);
#1359=ORIENTED_EDGE('',*,*,#916,.T.);
#1360=ORIENTED_EDGE('',*,*,#927,.T.);
#1361=ORIENTED_EDGE('',*,*,#932,.T.);
#1362=ORIENTED_EDGE('',*,*,#930,.T.);
#1363=ORIENTED_EDGE('',*,*,#928,.T.);
#1364=ORIENTED_EDGE('',*,*,#924,.T.);
#1365=ORIENTED_EDGE('',*,*,#922,.T.);
#1366=ORIENTED_EDGE('',*,*,#920,.T.);
#1367=ORIENTED_EDGE('',*,*,#918,.T.);
#1368=ORIENTED_EDGE('',*,*,#933,.T.);
#1369=ORIENTED_EDGE('',*,*,#935,.T.);
#1370=ORIENTED_EDGE('',*,*,#937,.T.);
#1371=ORIENTED_EDGE('',*,*,#980,.F.);
#1372=ORIENTED_EDGE('',*,*,#893,.T.);
#1373=ORIENTED_EDGE('',*,*,#884,.F.);
#1374=ORIENTED_EDGE('',*,*,#982,.T.);
#1375=ORIENTED_EDGE('',*,*,#978,.F.);
#1376=ORIENTED_EDGE('',*,*,#982,.F.);
#1377=ORIENTED_EDGE('',*,*,#883,.F.);
#1378=ORIENTED_EDGE('',*,*,#983,.F.);
#1379=ORIENTED_EDGE('',*,*,#969,.F.);
#1380=ORIENTED_EDGE('',*,*,#984,.T.);
#1381=ORIENTED_EDGE('',*,*,#880,.F.);
#1382=ORIENTED_EDGE('',*,*,#985,.F.);
#1383=ORIENTED_EDGE('',*,*,#972,.F.);
#1384=ORIENTED_EDGE('',*,*,#986,.F.);
#1385=ORIENTED_EDGE('',*,*,#881,.F.);
#1386=ORIENTED_EDGE('',*,*,#984,.F.);
#1387=ORIENTED_EDGE('',*,*,#975,.F.);
#1388=ORIENTED_EDGE('',*,*,#983,.T.);
#1389=ORIENTED_EDGE('',*,*,#882,.F.);
#1390=ORIENTED_EDGE('',*,*,#986,.T.);
#1391=ORIENTED_EDGE('',*,*,#987,.F.);
#1392=ORIENTED_EDGE('',*,*,#988,.F.);
#1393=ORIENTED_EDGE('',*,*,#989,.F.);
#1394=ORIENTED_EDGE('',*,*,#990,.T.);
#1395=ORIENTED_EDGE('',*,*,#988,.T.);
#1396=ORIENTED_EDGE('',*,*,#991,.T.);
#1397=ORIENTED_EDGE('',*,*,#875,.F.);
#1398=ORIENTED_EDGE('',*,*,#992,.F.);
#1399=ORIENTED_EDGE('',*,*,#993,.F.);
#1400=ORIENTED_EDGE('',*,*,#994,.F.);
#1401=ORIENTED_EDGE('',*,*,#994,.T.);
#1402=ORIENTED_EDGE('',*,*,#995,.F.);
#1403=ORIENTED_EDGE('',*,*,#996,.F.);
#1404=ORIENTED_EDGE('',*,*,#997,.T.);
#1405=ORIENTED_EDGE('',*,*,#995,.T.);
#1406=ORIENTED_EDGE('',*,*,#993,.T.);
#1407=ORIENTED_EDGE('',*,*,#837,.T.);
#1408=ORIENTED_EDGE('',*,*,#855,.F.);
#1409=ORIENTED_EDGE('',*,*,#987,.T.);
#1410=ORIENTED_EDGE('',*,*,#791,.T.);
#1411=ORIENTED_EDGE('',*,*,#996,.T.);
#1412=ORIENTED_EDGE('',*,*,#998,.T.);
#1413=ORIENTED_EDGE('',*,*,#963,.F.);
#1414=ORIENTED_EDGE('',*,*,#999,.F.);
#1415=ORIENTED_EDGE('',*,*,#1000,.F.);
#1416=ORIENTED_EDGE('',*,*,#839,.T.);
#1417=ORIENTED_EDGE('',*,*,#999,.T.);
#1418=ORIENTED_EDGE('',*,*,#964,.T.);
#1419=ORIENTED_EDGE('',*,*,#871,.F.);
#1420=ORIENTED_EDGE('',*,*,#992,.T.);
#1421=ORIENTED_EDGE('',*,*,#794,.T.);
#1422=ORIENTED_EDGE('',*,*,#1000,.T.);
#1423=ORIENTED_EDGE('',*,*,#838,.T.);
#1424=ORIENTED_EDGE('',*,*,#961,.F.);
#1425=ORIENTED_EDGE('',*,*,#792,.T.);
#1426=ORIENTED_EDGE('',*,*,#989,.T.);
#1427=ORIENTED_EDGE('',*,*,#1001,.T.);
#1428=ORIENTED_EDGE('',*,*,#952,.F.);
#1429=ORIENTED_EDGE('',*,*,#967,.F.);
#1430=ORIENTED_EDGE('',*,*,#985,.T.);
#1431=ORIENTED_EDGE('',*,*,#879,.F.);
#1432=ORIENTED_EDGE('',*,*,#959,.F.);
#1433=ORIENTED_EDGE('',*,*,#1001,.F.);
#1434=ORIENTED_EDGE('',*,*,#990,.F.);
#1435=ORIENTED_EDGE('',*,*,#874,.F.);
#1436=ORIENTED_EDGE('',*,*,#870,.T.);
#1437=ORIENTED_EDGE('',*,*,#876,.F.);
#1438=ORIENTED_EDGE('',*,*,#991,.F.);
#1439=ORIENTED_EDGE('',*,*,#998,.F.);
#1440=ORIENTED_EDGE('',*,*,#997,.F.);
#1441=ORIENTED_EDGE('',*,*,#854,.F.);
#1442=ORIENTED_EDGE('',*,*,#866,.T.);
#1443=ORIENTED_EDGE('',*,*,#858,.F.);
#1444=ORIENTED_EDGE('',*,*,#862,.F.);
#1445=ORIENTED_EDGE('',*,*,#863,.F.);
#1446=TOROIDAL_SURFACE('',#1559,1.75000000000002,0.5);
#1447=TOROIDAL_SURFACE('',#1568,3.25,1.);
#1448=TOROIDAL_SURFACE('',#1581,1.75,0.5);
#1449=TOROIDAL_SURFACE('',#1590,3.25,1.);
#1450=TOROIDAL_SURFACE('',#1639,1.5,1.);
#1451=TOROIDAL_SURFACE('',#1672,1.5,1.);
#1452=TOROIDAL_SURFACE('',#1678,3.5,1.);
#1453=TOROIDAL_SURFACE('',#1702,1.5,1.);
#1454=TOROIDAL_SURFACE('',#1708,3.5,1.);
#1455=TOROIDAL_SURFACE('',#1714,1.5,1.);
#1456=ADVANCED_FACE('',(#350),#1446,.T.);
#1457=ADVANCED_FACE('',(#351,#303),#318,.T.);
#1458=ADVANCED_FACE('',(#352),#264,.F.);
#1459=ADVANCED_FACE('',(#353),#1447,.T.);
#1460=ADVANCED_FACE('',(#354,#304,#305,#306,#307,#308,#309),#319,.T.);
#1461=ADVANCED_FACE('',(#355),#265,.F.);
#1462=ADVANCED_FACE('',(#356),#1448,.T.);
#1463=ADVANCED_FACE('',(#357,#310),#320,.T.);
#1464=ADVANCED_FACE('',(#358),#266,.F.);
#1465=ADVANCED_FACE('',(#359),#1449,.T.);
#1466=ADVANCED_FACE('',(#360),#267,.F.);
#1467=ADVANCED_FACE('',(#361),#268,.F.);
#1468=ADVANCED_FACE('',(#362),#269,.F.);
#1469=ADVANCED_FACE('',(#363),#321,.F.);
#1470=ADVANCED_FACE('',(#364),#322,.F.);
#1471=ADVANCED_FACE('',(#365),#323,.T.);
#1472=ADVANCED_FACE('',(#366),#324,.T.);
#1473=ADVANCED_FACE('',(#367),#325,.T.);
#1474=ADVANCED_FACE('',(#368,#311),#326,.F.);
#1475=ADVANCED_FACE('',(#369),#270,.F.);
#1476=ADVANCED_FACE('',(#370),#327,.T.);
#1477=ADVANCED_FACE('',(#371),#271,.F.);
#1478=ADVANCED_FACE('',(#372),#328,.F.);
#1479=ADVANCED_FACE('',(#373),#329,.F.);
#1480=ADVANCED_FACE('',(#374,#312),#330,.F.);
#1481=ADVANCED_FACE('',(#375),#331,.T.);
#1482=ADVANCED_FACE('',(#376),#272,.F.);
#1483=ADVANCED_FACE('',(#377),#332,.T.);
#1484=ADVANCED_FACE('',(#378),#273,.T.);
#1485=ADVANCED_FACE('',(#379),#26,.F.);
#1486=ADVANCED_FACE('',(#380),#1450,.F.);
#1487=ADVANCED_FACE('',(#381),#274,.F.);
#1488=ADVANCED_FACE('',(#382),#275,.F.);
#1489=ADVANCED_FACE('',(#383),#27,.T.);
#1490=ADVANCED_FACE('',(#384),#333,.T.);
#1491=ADVANCED_FACE('',(#385),#276,.F.);
#1492=ADVANCED_FACE('',(#386),#334,.F.);
#1493=ADVANCED_FACE('',(#387),#277,.T.);
#1494=ADVANCED_FACE('',(#388),#335,.F.);
#1495=ADVANCED_FACE('',(#389),#336,.F.);
#1496=ADVANCED_FACE('',(#390),#337,.F.);
#1497=ADVANCED_FACE('',(#391),#278,.F.);
#1498=ADVANCED_FACE('',(#392),#279,.T.);
#1499=ADVANCED_FACE('',(#393),#338,.F.);
#1500=ADVANCED_FACE('',(#394),#339,.F.);
#1501=ADVANCED_FACE('',(#395),#340,.F.);
#1502=ADVANCED_FACE('',(#396),#280,.F.);
#1503=ADVANCED_FACE('',(#397),#281,.F.);
#1504=ADVANCED_FACE('',(#398),#282,.F.);
#1505=ADVANCED_FACE('',(#399),#283,.F.);
#1506=ADVANCED_FACE('',(#400),#1451,.F.);
#1507=ADVANCED_FACE('',(#401),#284,.F.);
#1508=ADVANCED_FACE('',(#402),#1452,.F.);
#1509=ADVANCED_FACE('',(#403),#285,.F.);
#1510=ADVANCED_FACE('',(#404),#15,.F.);
#1511=ADVANCED_FACE('',(#405),#286,.F.);
#1512=ADVANCED_FACE('',(#406),#16,.F.);
#1513=ADVANCED_FACE('',(#407),#287,.F.);
#1514=ADVANCED_FACE('',(#408),#341,.T.);
#1515=ADVANCED_FACE('',(#409),#288,.T.);
#1516=ADVANCED_FACE('',(#410),#342,.T.);
#1517=ADVANCED_FACE('',(#411),#289,.T.);
#1518=ADVANCED_FACE('',(#412),#17,.T.);
#1519=ADVANCED_FACE('',(#413),#290,.T.);
#1520=ADVANCED_FACE('',(#414),#343,.T.);
#1521=ADVANCED_FACE('',(#415),#291,.F.);
#1522=ADVANCED_FACE('',(#416),#1453,.F.);
#1523=ADVANCED_FACE('',(#417),#292,.F.);
#1524=ADVANCED_FACE('',(#418),#1454,.F.);
#1525=ADVANCED_FACE('',(#419),#293,.F.);
#1526=ADVANCED_FACE('',(#420),#1455,.F.);
#1527=ADVANCED_FACE('',(#421,#313,#314,#315,#316,#317),#344,.T.);
#1528=ADVANCED_FACE('',(#422),#294,.F.);
#1529=ADVANCED_FACE('',(#423),#345,.T.);
#1530=ADVANCED_FACE('',(#424),#295,.F.);
#1531=ADVANCED_FACE('',(#425),#346,.T.);
#1532=ADVANCED_FACE('',(#426),#296,.T.);
#1533=ADVANCED_FACE('',(#427),#18,.T.);
#1534=ADVANCED_FACE('',(#428),#297,.T.);
#1535=ADVANCED_FACE('',(#429),#19,.T.);
#1536=ADVANCED_FACE('',(#430),#298,.T.);
#1537=ADVANCED_FACE('',(#431),#299,.T.);
#1538=ADVANCED_FACE('',(#432),#20,.T.);
#1539=ADVANCED_FACE('',(#433),#300,.T.);
#1540=ADVANCED_FACE('',(#434),#301,.T.);
#1541=ADVANCED_FACE('',(#435),#302,.T.);
#1542=ADVANCED_FACE('',(#436),#347,.T.);
#1543=ADVANCED_FACE('',(#437),#348,.T.);
#1544=ADVANCED_FACE('',(#438),#349,.T.);
#1545=CLOSED_SHELL('',(#1456,#1457,#1458,#1459,#1460,#1461,#1462,#1463,
#1464,#1465,#1466,#1467,#1468,#1469,#1470,#1471,#1472,#1473,#1474,#1475,
#1476,#1477,#1478,#1479,#1480,#1481,#1482,#1483,#1484,#1485,#1486,#1487,
#1488,#1489,#1490,#1491,#1492,#1493,#1494,#1495,#1496,#1497,#1498,#1499,
#1500,#1501,#1502,#1503,#1504,#1505,#1506,#1507,#1508,#1509,#1510,#1511,
#1512,#1513,#1514,#1515,#1516,#1517,#1518,#1519,#1520,#1521,#1522,#1523,
#1524,#1525,#1526,#1527,#1528,#1529,#1530,#1531,#1532,#1533,#1534,#1535,
#1536,#1537,#1538,#1539,#1540,#1541,#1542,#1543,#1544));
#1546=DERIVED_UNIT_ELEMENT(#1548,1.);
#1547=DERIVED_UNIT_ELEMENT(#2752,-3.);
#1548=(
MASS_UNIT()
NAMED_UNIT(*)
SI_UNIT(.KILO.,.GRAM.)
);
#1549=DERIVED_UNIT((#1546,#1547));
#1550=MEASURE_REPRESENTATION_ITEM('density measure',
POSITIVE_RATIO_MEASURE(7850.),#1549);
#1551=PROPERTY_DEFINITION_REPRESENTATION(#1556,#1553);
#1552=PROPERTY_DEFINITION_REPRESENTATION(#1557,#1554);
#1553=REPRESENTATION('material name',(#1555),#2749);
#1554=REPRESENTATION('density',(#1550),#2749);
#1555=DESCRIPTIVE_REPRESENTATION_ITEM('Acier','Acier');
#1556=PROPERTY_DEFINITION('material property','material name',#2759);
#1557=PROPERTY_DEFINITION('material property','density of part',#2759);
#1558=AXIS2_PLACEMENT_3D('',#2237,#1745,#1746);
#1559=AXIS2_PLACEMENT_3D('',#2238,#1747,#1748);
#1560=AXIS2_PLACEMENT_3D('',#2241,#1749,#1750);
#1561=AXIS2_PLACEMENT_3D('',#2243,#1751,#1752);
#1562=AXIS2_PLACEMENT_3D('',#2244,#1753,#1754);
#1563=AXIS2_PLACEMENT_3D('',#2245,#1755,#1756);
#1564=AXIS2_PLACEMENT_3D('',#2246,#1757,#1758);
#1565=AXIS2_PLACEMENT_3D('',#2248,#1759,#1760);
#1566=AXIS2_PLACEMENT_3D('',#2249,#1761,#1762);
#1567=AXIS2_PLACEMENT_3D('',#2252,#1764,#1765);
#1568=AXIS2_PLACEMENT_3D('',#2253,#1766,#1767);
#1569=AXIS2_PLACEMENT_3D('',#2256,#1768,#1769);
#1570=AXIS2_PLACEMENT_3D('',#2258,#1770,#1771);
#1571=AXIS2_PLACEMENT_3D('',#2259,#1772,#1773);
#1572=AXIS2_PLACEMENT_3D('',#2260,#1774,#1775);
#1573=AXIS2_PLACEMENT_3D('',#2261,#1776,#1777);
#1574=AXIS2_PLACEMENT_3D('',#2271,#1782,#1783);
#1575=AXIS2_PLACEMENT_3D('',#2280,#1787,#1788);
#1576=AXIS2_PLACEMENT_3D('',#2287,#1792,#1793);
#1577=AXIS2_PLACEMENT_3D('',#2289,#1794,#1795);
#1578=AXIS2_PLACEMENT_3D('',#2291,#1796,#1797);
#1579=AXIS2_PLACEMENT_3D('',#2293,#1798,#1799);
#1580=AXIS2_PLACEMENT_3D('',#2294,#1800,#1801);
#1581=AXIS2_PLACEMENT_3D('',#2296,#1803,#1804);
#1582=AXIS2_PLACEMENT_3D('',#2299,#1805,#1806);
#1583=AXIS2_PLACEMENT_3D('',#2301,#1807,#1808);
#1584=AXIS2_PLACEMENT_3D('',#2302,#1809,#1810);
#1585=AXIS2_PLACEMENT_3D('',#2303,#1811,#1812);
#1586=AXIS2_PLACEMENT_3D('',#2304,#1813,#1814);
#1587=AXIS2_PLACEMENT_3D('',#2306,#1815,#1816);
#1588=AXIS2_PLACEMENT_3D('',#2307,#1817,#1818);
#1589=AXIS2_PLACEMENT_3D('',#2310,#1820,#1821);
#1590=AXIS2_PLACEMENT_3D('',#2311,#1822,#1823);
#1591=AXIS2_PLACEMENT_3D('',#2314,#1824,#1825);
#1592=AXIS2_PLACEMENT_3D('',#2315,#1826,#1827);
#1593=AXIS2_PLACEMENT_3D('',#2316,#1828,#1829);
#1594=AXIS2_PLACEMENT_3D('',#2317,#1830,#1831);
#1595=AXIS2_PLACEMENT_3D('',#2319,#1833,#1834);
#1596=AXIS2_PLACEMENT_3D('',#2322,#1835,#1836);
#1597=AXIS2_PLACEMENT_3D('',#2326,#1838,#1839);
#1598=AXIS2_PLACEMENT_3D('',#2328,#1841,#1842);
#1599=AXIS2_PLACEMENT_3D('',#2331,#1843,#1844);
#1600=AXIS2_PLACEMENT_3D('',#2335,#1846,#1847);
#1601=AXIS2_PLACEMENT_3D('',#2337,#1849,#1850);
#1602=AXIS2_PLACEMENT_3D('',#2345,#1855,#1856);
#1603=AXIS2_PLACEMENT_3D('',#2353,#1861,#1862);
#1604=AXIS2_PLACEMENT_3D('',#2364,#1869,#1870);
#1605=AXIS2_PLACEMENT_3D('',#2368,#1873,#1874);
#1606=AXIS2_PLACEMENT_3D('',#2372,#1877,#1878);
#1607=AXIS2_PLACEMENT_3D('',#2374,#1879,#1880);
#1608=AXIS2_PLACEMENT_3D('',#2378,#1882,#1883);
#1609=AXIS2_PLACEMENT_3D('',#2382,#1885,#1886);
#1610=AXIS2_PLACEMENT_3D('',#2384,#1887,#1888);
#1611=AXIS2_PLACEMENT_3D('',#2386,#1889,#1890);
#1612=AXIS2_PLACEMENT_3D('',#2393,#1894,#1895);
#1613=AXIS2_PLACEMENT_3D('',#2394,#1896,#1897);
#1614=AXIS2_PLACEMENT_3D('',#2397,#1898,#1899);
#1615=AXIS2_PLACEMENT_3D('',#2401,#1901,#1902);
#1616=AXIS2_PLACEMENT_3D('',#2403,#1904,#1905);
#1617=AXIS2_PLACEMENT_3D('',#2409,#1909,#1910);
#1618=AXIS2_PLACEMENT_3D('',#2411,#1911,#1912);
#1619=AXIS2_PLACEMENT_3D('',#2413,#1913,#1914);
#1620=AXIS2_PLACEMENT_3D('',#2415,#1916,#1917);
#1621=AXIS2_PLACEMENT_3D('',#2418,#1920,#1921);
#1622=AXIS2_PLACEMENT_3D('',#2424,#1925,#1926);
#1623=AXIS2_PLACEMENT_3D('',#2426,#1927,#1928);
#1624=AXIS2_PLACEMENT_3D('',#2430,#1930,#1931);
#1625=AXIS2_PLACEMENT_3D('',#2434,#1933,#1934);
#1626=AXIS2_PLACEMENT_3D('',#2439,#1937,#1938);
#1627=AXIS2_PLACEMENT_3D('',#2443,#1940,#1941);
#1628=AXIS2_PLACEMENT_3D('',#2447,#1943,#1944);
#1629=AXIS2_PLACEMENT_3D('',#2451,#1946,#1947);
#1630=AXIS2_PLACEMENT_3D('',#2454,#1949,#1950);
#1631=AXIS2_PLACEMENT_3D('',#2455,#1951,#1952);
#1632=AXIS2_PLACEMENT_3D('',#2457,#1953,#1954);
#1633=AXIS2_PLACEMENT_3D('',#2458,#1955,#1956);
#1634=AXIS2_PLACEMENT_3D('',#2463,#1958,#1959);
#1635=AXIS2_PLACEMENT_3D('',#2465,#1961,#1962);
#1636=AXIS2_PLACEMENT_3D('',#2466,#1963,#1964);
#1637=AXIS2_PLACEMENT_3D('',#2469,#1967,#1968);
#1638=AXIS2_PLACEMENT_3D('',#2473,#1970,#1971);
#1639=AXIS2_PLACEMENT_3D('',#2508,#1973,#1974);
#1640=AXIS2_PLACEMENT_3D('',#2510,#1975,#1976);
#1641=AXIS2_PLACEMENT_3D('',#2512,#1977,#1978);
#1642=AXIS2_PLACEMENT_3D('',#2514,#1979,#1980);
#1643=AXIS2_PLACEMENT_3D('',#2516,#1981,#1982);
#1644=AXIS2_PLACEMENT_3D('',#2517,#1983,#1984);
#1645=AXIS2_PLACEMENT_3D('',#2518,#1985,#1986);
#1646=AXIS2_PLACEMENT_3D('',#2520,#1988,#1989);
#1647=AXIS2_PLACEMENT_3D('',#2522,#1990,#1991);
#1648=AXIS2_PLACEMENT_3D('',#2561,#1993,#1994);
#1649=AXIS2_PLACEMENT_3D('',#2565,#1997,#1998);
#1650=AXIS2_PLACEMENT_3D('',#2569,#2001,#2002);
#1651=AXIS2_PLACEMENT_3D('',#2570,#2003,#2004);
#1652=AXIS2_PLACEMENT_3D('',#2571,#2005,#2006);
#1653=AXIS2_PLACEMENT_3D('',#2574,#2008,#2009);
#1654=AXIS2_PLACEMENT_3D('',#2575,#2010,#2011);
#1655=AXIS2_PLACEMENT_3D('',#2581,#2015,#2016);
#1656=AXIS2_PLACEMENT_3D('',#2585,#2019,#2020);
#1657=AXIS2_PLACEMENT_3D('',#2589,#2023,#2024);
#1658=AXIS2_PLACEMENT_3D('',#2591,#2025,#2026);
#1659=AXIS2_PLACEMENT_3D('',#2593,#2028,#2029);
#1660=AXIS2_PLACEMENT_3D('',#2596,#2031,#2032);
#1661=AXIS2_PLACEMENT_3D('',#2597,#2033,#2034);
#1662=AXIS2_PLACEMENT_3D('',#2601,#2037,#2038);
#1663=AXIS2_PLACEMENT_3D('',#2605,#2041,#2042);
#1664=AXIS2_PLACEMENT_3D('',#2607,#2044,#2045);
#1665=AXIS2_PLACEMENT_3D('',#2609,#2046,#2047);
#1666=AXIS2_PLACEMENT_3D('',#2611,#2049,#2050);
#1667=AXIS2_PLACEMENT_3D('',#2613,#2051,#2052);
#1668=AXIS2_PLACEMENT_3D('',#2615,#2054,#2055);
#1669=AXIS2_PLACEMENT_3D('',#2617,#2056,#2057);
#1670=AXIS2_PLACEMENT_3D('',#2619,#2059,#2060);
#1671=AXIS2_PLACEMENT_3D('',#2620,#2061,#2062);
#1672=AXIS2_PLACEMENT_3D('',#2621,#2063,#2064);
#1673=AXIS2_PLACEMENT_3D('',#2624,#2065,#2066);
#1674=AXIS2_PLACEMENT_3D('',#2625,#2067,#2068);
#1675=AXIS2_PLACEMENT_3D('',#2626,#2069,#2070);
#1676=AXIS2_PLACEMENT_3D('',#2627,#2071,#2072);
#1677=AXIS2_PLACEMENT_3D('',#2630,#2073,#2074);
#1678=AXIS2_PLACEMENT_3D('',#2633,#2077,#2078);
#1679=AXIS2_PLACEMENT_3D('',#2636,#2079,#2080);
#1680=AXIS2_PLACEMENT_3D('',#2637,#2081,#2082);
#1681=AXIS2_PLACEMENT_3D('',#2638,#2083,#2084);
#1682=AXIS2_PLACEMENT_3D('',#2639,#2085,#2086);
#1683=AXIS2_PLACEMENT_3D('',#2642,#2089,#2090);
#1684=AXIS2_PLACEMENT_3D('',#2643,#2091,#2092);
#1685=AXIS2_PLACEMENT_3D('',#2645,#2093,#2094);
#1686=AXIS2_PLACEMENT_3D('',#2647,#2096,#2097);
#1687=AXIS2_PLACEMENT_3D('',#2648,#2098,#2099);
#1688=AXIS2_PLACEMENT_3D('',#2649,#2100,#2101);
#1689=AXIS2_PLACEMENT_3D('',#2651,#2103,#2104);
#1690=AXIS2_PLACEMENT_3D('',#2653,#2106,#2107);
#1691=AXIS2_PLACEMENT_3D('',#2655,#2109,#2110);
#1692=AXIS2_PLACEMENT_3D('',#2656,#2111,#2112);
#1693=AXIS2_PLACEMENT_3D('',#2660,#2114,#2115);
#1694=AXIS2_PLACEMENT_3D('',#2662,#2117,#2118);
#1695=AXIS2_PLACEMENT_3D('',#2663,#2119,#2120);
#1696=AXIS2_PLACEMENT_3D('',#2664,#2121,#2122);
#1697=AXIS2_PLACEMENT_3D('',#2665,#2123,#2124);
#1698=AXIS2_PLACEMENT_3D('',#2668,#2126,#2127);
#1699=AXIS2_PLACEMENT_3D('',#2669,#2128,#2129);
#1700=AXIS2_PLACEMENT_3D('',#2671,#2131,#2132);
#1701=AXIS2_PLACEMENT_3D('',#2675,#2134,#2135);
#1702=AXIS2_PLACEMENT_3D('',#2677,#2137,#2138);
#1703=AXIS2_PLACEMENT_3D('',#2680,#2139,#2140);
#1704=AXIS2_PLACEMENT_3D('',#2681,#2141,#2142);
#1705=AXIS2_PLACEMENT_3D('',#2682,#2143,#2144);
#1706=AXIS2_PLACEMENT_3D('',#2683,#2145,#2146);
#1707=AXIS2_PLACEMENT_3D('',#2686,#2147,#2148);
#1708=AXIS2_PLACEMENT_3D('',#2689,#2151,#2152);
#1709=AXIS2_PLACEMENT_3D('',#2692,#2153,#2154);
#1710=AXIS2_PLACEMENT_3D('',#2693,#2155,#2156);
#1711=AXIS2_PLACEMENT_3D('',#2694,#2157,#2158);
#1712=AXIS2_PLACEMENT_3D('',#2695,#2159,#2160);
#1713=AXIS2_PLACEMENT_3D('',#2698,#2161,#2162);
#1714=AXIS2_PLACEMENT_3D('',#2701,#2165,#2166);
#1715=AXIS2_PLACEMENT_3D('',#2702,#2167,#2168);
#1716=AXIS2_PLACEMENT_3D('',#2703,#2169,#2170);
#1717=AXIS2_PLACEMENT_3D('',#2704,#2171,#2172);
#1718=AXIS2_PLACEMENT_3D('',#2705,#2173,#2174);
#1719=AXIS2_PLACEMENT_3D('',#2707,#2176,#2177);
#1720=AXIS2_PLACEMENT_3D('',#2709,#2179,#2180);
#1721=AXIS2_PLACEMENT_3D('',#2712,#2183,#2184);
#1722=AXIS2_PLACEMENT_3D('',#2714,#2186,#2187);
#1723=AXIS2_PLACEMENT_3D('',#2715,#2188,#2189);
#1724=AXIS2_PLACEMENT_3D('',#2717,#2190,#2191);
#1725=AXIS2_PLACEMENT_3D('',#2719,#2192,#2193);
#1726=AXIS2_PLACEMENT_3D('',#2720,#2194,#2195);
#1727=AXIS2_PLACEMENT_3D('',#2721,#2196,#2197);
#1728=AXIS2_PLACEMENT_3D('',#2724,#2200,#2201);
#1729=AXIS2_PLACEMENT_3D('',#2725,#2202,#2203);
#1730=AXIS2_PLACEMENT_3D('',#2727,#2204,#2205);
#1731=AXIS2_PLACEMENT_3D('',#2729,#2206,#2207);
#1732=AXIS2_PLACEMENT_3D('',#2731,#2208,#2209);
#1733=AXIS2_PLACEMENT_3D('',#2732,#2210,#2211);
#1734=AXIS2_PLACEMENT_3D('',#2733,#2212,#2213);
#1735=AXIS2_PLACEMENT_3D('',#2735,#2215,#2216);
#1736=AXIS2_PLACEMENT_3D('',#2737,#2218,#2219);
#1737=AXIS2_PLACEMENT_3D('',#2738,#2220,#2221);
#1738=AXIS2_PLACEMENT_3D('',#2739,#2222,#2223);
#1739=AXIS2_PLACEMENT_3D('',#2740,#2224,#2225);
#1740=AXIS2_PLACEMENT_3D('',#2741,#2226,#2227);
#1741=AXIS2_PLACEMENT_3D('',#2742,#2228,#2229);
#1742=AXIS2_PLACEMENT_3D('',#2744,#2231,#2232);
#1743=AXIS2_PLACEMENT_3D('',#2745,#2233,#2234);
#1744=AXIS2_PLACEMENT_3D('',#2746,#2235,#2236);
#1745=DIRECTION('axis',(0.,0.,1.));
#1746=DIRECTION('refdir',(1.,0.,0.));
#1747=DIRECTION('center_axis',(0.745987581494577,-0.59363273068241,0.301832253608552));
#1748=DIRECTION('ref_axis',(0.375069859350444,0.,-0.926996548325202));
#1749=DIRECTION('center_axis',(-0.745987581494577,0.59363273068241,-0.301832253608552));
#1750=DIRECTION('ref_axis',(0.622673572620764,0.782481707108668,9.99200722162627E-16));
#1751=DIRECTION('center_axis',(-0.550295492315459,-0.804736094047325,-0.22265374480287));
#1752=DIRECTION('ref_axis',(-0.375069859350441,0.,0.926996548325203));
#1753=DIRECTION('center_axis',(0.745987581494577,-0.59363273068241,0.301832253608552));
#1754=DIRECTION('ref_axis',(0.622673572620764,0.782481707108667,1.05178559387671E-15));
#1755=DIRECTION('center_axis',(-0.745987581494577,0.59363273068241,-0.301832253608552));
#1756=DIRECTION('ref_axis',(0.622673572620764,0.782481707108668,9.99200722162627E-16));
#1757=DIRECTION('center_axis',(0.745987581494577,-0.59363273068241,0.301832253608552));
#1758=DIRECTION('ref_axis',(0.622673572620764,0.782481707108667,6.34584260589589E-17));
#1759=DIRECTION('center_axis',(-0.745987581494577,0.59363273068241,-0.301832253608552));
#1760=DIRECTION('ref_axis',(0.622673572620764,0.782481707108667,2.46778269849913E-17));
#1761=DIRECTION('center_axis',(-0.745987581494577,0.59363273068241,-0.301832253608552));
#1762=DIRECTION('ref_axis',(0.622673572620764,0.782481707108667,1.53475877287517E-16));
#1763=DIRECTION('',(-0.745987581494577,0.59363273068241,-0.301832253608552));
#1764=DIRECTION('center_axis',(0.745987581494578,-0.593632730682409,0.301832253608552));
#1765=DIRECTION('ref_axis',(0.622673572620764,0.782481707108667,1.53475877287517E-16));
#1766=DIRECTION('center_axis',(0.745987581494577,-0.59363273068241,0.301832253608552));
#1767=DIRECTION('ref_axis',(0.375069859350437,0.,-0.926996548325205));
#1768=DIRECTION('center_axis',(-0.745987581494577,0.59363273068241,-0.301832253608552));
#1769=DIRECTION('ref_axis',(0.622673572620765,0.782481707108667,-3.59280506580085E-15));
#1770=DIRECTION('center_axis',(-0.550295492315459,-0.804736094047325,-0.222653744802869));
#1771=DIRECTION('ref_axis',(-0.37506985935044,0.,0.926996548325204));
#1772=DIRECTION('center_axis',(0.745987581494577,-0.59363273068241,0.301832253608552));
#1773=DIRECTION('ref_axis',(0.622673572620765,0.782481707108667,-3.60059190778417E-15));
#1774=DIRECTION('center_axis',(-0.745987581494577,0.59363273068241,-0.301832253608552));
#1775=DIRECTION('ref_axis',(0.622673572620765,0.782481707108667,-3.59280506580085E-15));
#1776=DIRECTION('center_axis',(0.745987581494577,-0.59363273068241,0.301832253608552));
#1777=DIRECTION('ref_axis',(0.375069859350439,0.,-0.926996548325204));
#1778=DIRECTION('',(0.0628853020533387,0.513995468813242,0.855484714547908));
#1779=DIRECTION('',(-0.662984137850621,-0.619200160773559,0.420765010256873));
#1780=DIRECTION('',(-0.0628853020533387,-0.513995468813242,-0.855484714547908));
#1781=DIRECTION('',(0.662984137850621,0.619200160773559,-0.420765010256873));
#1782=DIRECTION('center_axis',(0.745987581494577,-0.59363273068241,0.301832253608552));
#1783=DIRECTION('ref_axis',(0.622673572620764,0.782481707108667,3.75390361492301E-17));
#1784=DIRECTION('',(0.0646370203766869,0.515629912811077,0.85436985469483));
#1785=DIRECTION('',(0.662815648466974,0.617839764078832,-0.423024162513583));
#1786=DIRECTION('',(-0.0646366347810015,-0.515629553380217,-0.854370100790697));
#1787=DIRECTION('center_axis',(0.745987581494577,-0.59363273068241,0.301832253608552));
#1788=DIRECTION('ref_axis',(-0.622673572620768,-0.782481707108664,9.70602882153403E-18));
#1789=DIRECTION('',(0.064637097530089,0.51562998472917,0.854369805453752));
#1790=DIRECTION('',(0.662815648466974,0.617839764078832,-0.423024162513583));
#1791=DIRECTION('',(-0.0646370203766868,-0.515629912811077,-0.85436985469483));
#1792=DIRECTION('center_axis',(-0.745987581494577,0.59363273068241,-0.301832253608552));
#1793=DIRECTION('ref_axis',(-0.622673572620768,-0.782481707108664,2.646108469807E-17));
#1794=DIRECTION('center_axis',(-0.745987581494577,0.59363273068241,-0.301832253608552));
#1795=DIRECTION('ref_axis',(-0.622673572620768,-0.782481707108664,-2.22907947408051E-18));
#1796=DIRECTION('center_axis',(-0.745987581494577,0.59363273068241,-0.301832253608552));
#1797=DIRECTION('ref_axis',(-0.622673572620768,-0.782481707108664,-2.22907947408051E-18));
#1798=DIRECTION('center_axis',(-0.745987581494577,0.59363273068241,-0.301832253608552));
#1799=DIRECTION('ref_axis',(-0.622673572620768,-0.782481707108664,-2.22907947408051E-18));
#1800=DIRECTION('center_axis',(-0.745987581494577,0.59363273068241,-0.301832253608553));
#1801=DIRECTION('ref_axis',(0.622673572620764,0.782481707108667,2.68478558470253E-16));
#1802=DIRECTION('',(-0.745987581494577,0.59363273068241,-0.301832253608553));
#1803=DIRECTION('center_axis',(0.745987581494577,-0.59363273068241,0.301832253608552));
#1804=DIRECTION('ref_axis',(0.37506985935044,0.,-0.926996548325203));
#1805=DIRECTION('center_axis',(-0.745987581494577,0.59363273068241,-0.301832253608552));
#1806=DIRECTION('ref_axis',(0.622673572620764,0.782481707108667,-3.1918911957973E-16));
#1807=DIRECTION('center_axis',(-0.550295492315459,-0.804736094047325,-0.222653744802868));
#1808=DIRECTION('ref_axis',(-0.375069859350438,0.,0.926996548325204));
#1809=DIRECTION('center_axis',(0.745987581494577,-0.59363273068241,0.301832253608552));
#1810=DIRECTION('ref_axis',(0.622673572620764,0.782481707108667,-2.42238537782383E-16));
#1811=DIRECTION('center_axis',(-0.745987581494577,0.59363273068241,-0.301832253608552));
#1812=DIRECTION('ref_axis',(0.622673572620764,0.782481707108667,-3.1918911957973E-16));
#1813=DIRECTION('center_axis',(0.745987581494577,-0.59363273068241,0.301832253608552));
#1814=DIRECTION('ref_axis',(0.622673572620764,0.782481707108667,7.63055227269167E-17));
#1815=DIRECTION('center_axis',(-0.745987581494577,0.59363273068241,-0.301832253608552));
#1816=DIRECTION('ref_axis',(0.622673572620764,0.782481707108667,3.75249236529491E-17));
#1817=DIRECTION('center_axis',(-0.745987581494577,0.59363273068241,-0.301832253608552));
#1818=DIRECTION('ref_axis',(0.622673572620765,0.782481707108667,3.71291603682484E-16));
#1819=DIRECTION('',(-0.745987581494577,0.59363273068241,-0.301832253608552));
#1820=DIRECTION('center_axis',(0.745987581494578,-0.593632730682409,0.301832253608552));
#1821=DIRECTION('ref_axis',(0.622673572620765,0.782481707108667,3.71291603682484E-16));
#1822=DIRECTION('center_axis',(0.745987581494577,-0.59363273068241,0.301832253608552));
#1823=DIRECTION('ref_axis',(0.375069859350438,0.,-0.926996548325205));
#1824=DIRECTION('center_axis',(-0.745987581494577,0.59363273068241,-0.301832253608552));
#1825=DIRECTION('ref_axis',(0.622673572620764,0.782481707108667,-1.54197642309049E-17));
#1826=DIRECTION('center_axis',(-0.550295492315459,-0.804736094047325,-0.222653744802869));
#1827=DIRECTION('ref_axis',(-0.37506985935044,0.,0.926996548325203));
#1828=DIRECTION('center_axis',(-0.745987581494577,0.59363273068241,-0.301832253608552));
#1829=DIRECTION('ref_axis',(0.622673572620764,0.782481707108667,-1.54197642309049E-17));
#1830=DIRECTION('center_axis',(-0.745987581494577,0.59363273068241,-0.301832253608553));
#1831=DIRECTION('ref_axis',(0.622673572620764,0.782481707108667,2.68478558470253E-16));
#1832=DIRECTION('',(-0.745987581494577,0.59363273068241,-0.301832253608553));
#1833=DIRECTION('center_axis',(-0.662984137850626,-0.619200160773555,0.420765010256871));
#1834=DIRECTION('ref_axis',(0.571959501074626,-0.0563120479028068,0.818346676165705));
#1835=DIRECTION('center_axis',(0.662984137850621,0.619200160773559,-0.420765010256875));
#1836=DIRECTION('ref_axis',(0.571959501074626,-0.0563120479028068,0.818346676165705));
#1837=DIRECTION('',(-0.662984137850626,-0.619200160773555,0.420765010256871));
#1838=DIRECTION('center_axis',(-0.662984137850634,-0.619200160773551,0.420765010256866));
#1839=DIRECTION('ref_axis',(0.745987581494566,-0.593632730682417,0.301832253608565));
#1840=DIRECTION('',(0.662984137850626,0.619200160773555,-0.420765010256871));
#1841=DIRECTION('center_axis',(-0.662984137850626,-0.619200160773555,0.420765010256871));
#1842=DIRECTION('ref_axis',(0.571959501074626,-0.0563120479028068,0.818346676165705));
#1843=DIRECTION('center_axis',(-0.662984137850621,-0.619200160773559,0.420765010256875));
#1844=DIRECTION('ref_axis',(0.571959501074626,-0.0563120479028068,0.818346676165705));
#1845=DIRECTION('',(0.662984137850626,0.619200160773555,-0.420765010256871));
#1846=DIRECTION('center_axis',(0.662984137850634,0.619200160773551,-0.420765010256866));
#1847=DIRECTION('ref_axis',(0.0628853020533348,0.513995468813242,0.855484714547909));
#1848=DIRECTION('',(-0.662984137850626,-0.619200160773555,0.420765010256871));
#1849=DIRECTION('center_axis',(-0.662984137850621,-0.61920016077356,0.420765010256873));
#1850=DIRECTION('ref_axis',(-0.0628853020533384,-0.513995468813241,-0.855484714547909));
#1851=DIRECTION('',(-0.0628853020533384,-0.513995468813241,-0.855484714547909));
#1852=DIRECTION('',(-0.745987581494578,0.593632730682409,-0.301832253608552));
#1853=DIRECTION('',(-0.0628853020533385,-0.513995468813244,-0.855484714547907));
#1854=DIRECTION('',(0.745987581494578,-0.593632730682409,0.301832253608552));
#1855=DIRECTION('center_axis',(0.662984137850621,0.619200160773558,-0.420765010256876));
#1856=DIRECTION('ref_axis',(0.0628853020533403,0.513995468813243,0.855484714547907));
#1857=DIRECTION('',(0.0628853020533404,0.513995468813243,0.855484714547907));
#1858=DIRECTION('',(-0.745987581494578,0.593632730682409,-0.301832253608552));
#1859=DIRECTION('',(0.0628853020533403,0.513995468813243,0.855484714547907));
#1860=DIRECTION('',(0.745987581494578,-0.593632730682409,0.301832253608552));
#1861=DIRECTION('center_axis',(0.0628853020533387,0.513995468813242,0.855484714547908));
#1862=DIRECTION('ref_axis',(-0.662984137850621,-0.619200160773559,0.420765010256874));
#1863=DIRECTION('',(-0.662984137850621,-0.619200160773559,0.420765010256874));
#1864=DIRECTION('',(0.662984137850621,0.619200160773559,-0.420765010256874));
#1865=DIRECTION('',(-0.745987581494577,0.59363273068241,-0.301832253608552));
#1866=DIRECTION('',(-0.662984137850621,-0.619200160773559,0.420765010256873));
#1867=DIRECTION('',(0.745987581494577,-0.59363273068241,0.301832253608552));
#1868=DIRECTION('',(0.662984137850621,0.619200160773559,-0.420765010256874));
#1869=DIRECTION('center_axis',(-0.0628853020533387,-0.513995468813242,-0.855484714547908));
#1870=DIRECTION('ref_axis',(0.662984137850621,0.619200160773559,-0.420765010256874));
#1871=DIRECTION('',(-0.745987581494576,0.59363273068241,-0.301832253608553));
#1872=DIRECTION('',(-0.662984137850621,-0.619200160773559,0.420765010256874));
#1873=DIRECTION('center_axis',(-0.0628853020533387,-0.513995468813242,-0.855484714547908));
#1874=DIRECTION('ref_axis',(0.662984137850621,0.619200160773559,-0.420765010256874));
#1875=DIRECTION('',(-0.662984137850621,-0.619200160773559,0.420765010256874));
#1876=DIRECTION('',(-0.745987581494577,0.59363273068241,-0.301832253608552));
#1877=DIRECTION('center_axis',(0.745987581494578,-0.593632730682409,0.301832253608552));
#1878=DIRECTION('ref_axis',(0.0628853020533389,0.513995468813242,0.855484714547908));
#1879=DIRECTION('center_axis',(0.745987581494578,-0.593632730682409,0.301832253608552));
#1880=DIRECTION('ref_axis',(-0.42433395617441,-0.0743909510977819,0.902444834896927));
#1881=DIRECTION('',(-0.0628853020533403,-0.513995468813247,-0.855484714547905));
#1882=DIRECTION('center_axis',(-0.745987581494578,0.593632730682409,-0.301832253608552));
#1883=DIRECTION('ref_axis',(0.424333956174411,0.074390951097772,-0.902444834896927));
#1884=DIRECTION('',(-0.662984137850626,-0.619200160773551,0.420765010256878));
#1885=DIRECTION('center_axis',(0.745987581494578,-0.593632730682409,0.301832253608552));
#1886=DIRECTION('ref_axis',(-0.42433395617441,-0.074390951097777,0.902444834896927));
#1887=DIRECTION('center_axis',(-0.745987581494578,0.593632730682409,-0.301832253608552));
#1888=DIRECTION('ref_axis',(0.579797696864047,0.355965965738348,-0.732886663780363));
#1889=DIRECTION('center_axis',(0.745987581494578,-0.593632730682409,0.301832253608552));
#1890=DIRECTION('ref_axis',(-0.48152536490806,-0.167722534475433,0.860233964906813));
#1891=DIRECTION('',(-0.0628853020533389,-0.513995468813242,-0.855484714547908));
#1892=DIRECTION('',(-0.662984137850621,-0.61920016077356,0.420765010256873));
#1893=DIRECTION('',(0.0628853020533389,0.513995468813242,0.855484714547908));
#1894=DIRECTION('center_axis',(-0.745987581494578,0.593632730682409,-0.301832253608552));
#1895=DIRECTION('ref_axis',(-0.424333956174419,-0.0743909510977766,0.902444834896923));
#1896=DIRECTION('center_axis',(-0.662984137850623,-0.619200160773558,0.420765010256873));
#1897=DIRECTION('ref_axis',(0.571959501074653,-0.0563120479028061,0.818346676165686));
#1898=DIRECTION('center_axis',(0.662984137850622,0.619200160773559,-0.420765010256873));
#1899=DIRECTION('ref_axis',(0.571959501074653,-0.0563120479028061,0.818346676165686));
#1900=DIRECTION('',(-0.662984137850623,-0.619200160773558,0.420765010256873));
#1901=DIRECTION('center_axis',(-0.662984137850622,-0.619200160773559,0.420765010256873));
#1902=DIRECTION('ref_axis',(0.571959501074653,-0.0563120479028061,0.818346676165686));
#1903=DIRECTION('',(0.662984137850623,0.619200160773558,-0.420765010256873));
#1904=DIRECTION('center_axis',(-0.745987581494576,0.59363273068241,-0.301832253608553));
#1905=DIRECTION('ref_axis',(-0.375069859350441,0.,0.926996548325203));
#1906=DIRECTION('',(-0.0628853020533393,-0.513995468813242,-0.855484714547908));
#1907=DIRECTION('',(0.662984137850623,0.619200160773558,-0.420765010256873));
#1908=DIRECTION('',(0.0628853020533405,0.513995468813241,0.855484714547909));
#1909=DIRECTION('center_axis',(0.662984137850623,0.619200160773558,-0.420765010256873));
#1910=DIRECTION('ref_axis',(0.48302625403688,-0.783211410896819,-0.391491409550853));
#1911=DIRECTION('center_axis',(-0.662984137850622,-0.619200160773559,0.420765010256873));
#1912=DIRECTION('ref_axis',(0.48302625403688,-0.783211410896819,-0.391491409550853));
#1913=DIRECTION('center_axis',(0.662984137850622,0.619200160773559,-0.420765010256873));
#1914=DIRECTION('ref_axis',(0.48302625403688,-0.783211410896819,-0.391491409550853));
#1915=DIRECTION('',(-0.662984137850623,-0.619200160773558,0.420765010256873));
#1916=DIRECTION('center_axis',(0.0628853020533386,0.513995468813242,0.855484714547909));
#1917=DIRECTION('ref_axis',(0.745987581494577,-0.59363273068241,0.301832253608552));
#1918=DIRECTION('',(0.745987581494577,-0.59363273068241,0.301832253608552));
#1919=DIRECTION('',(-0.745987581494576,0.59363273068241,-0.301832253608553));
#1920=DIRECTION('center_axis',(-0.0628853020533385,-0.513995468813242,-0.855484714547908));
#1921=DIRECTION('ref_axis',(-0.745987581494577,0.59363273068241,-0.301832253608552));
#1922=DIRECTION('',(-0.745987581494576,0.59363273068241,-0.301832253608553));
#1923=DIRECTION('',(0.662984137850621,0.61920016077356,-0.420765010256873));
#1924=DIRECTION('',(-0.745987581494577,0.59363273068241,-0.301832253608552));
#1925=DIRECTION('center_axis',(0.745987581494578,-0.593632730682409,0.301832253608552));
#1926=DIRECTION('ref_axis',(0.0628853020533389,0.513995468813242,0.855484714547908));
#1927=DIRECTION('center_axis',(-0.745987581494578,0.593632730682409,-0.301832253608552));
#1928=DIRECTION('ref_axis',(0.513267203212168,0.801290314091787,0.307393250819604));
#1929=DIRECTION('',(-0.0628853020533389,-0.513995468813242,-0.855484714547908));
#1930=DIRECTION('center_axis',(-0.745987581494578,0.593632730682409,-0.301832253608552));
#1931=DIRECTION('ref_axis',(0.424333956174419,0.0743909510977667,-0.902444834896924));
#1932=DIRECTION('',(-0.662984137850621,-0.619200160773559,0.420765010256873));
#1933=DIRECTION('center_axis',(-0.745987581494578,0.593632730682409,-0.301832253608552));
#1934=DIRECTION('ref_axis',(-0.513267203212173,-0.801290314091783,-0.307393250819607));
#1935=DIRECTION('',(0.0628853020533389,0.513995468813242,0.855484714547908));
#1936=DIRECTION('',(-0.0628853020533389,-0.513995468813242,-0.855484714547908));
#1937=DIRECTION('center_axis',(0.745987581494578,-0.593632730682409,0.301832253608552));
#1938=DIRECTION('ref_axis',(-0.513267203212167,-0.80129031409179,-0.307393250819599));
#1939=DIRECTION('',(0.662984137850621,0.619200160773559,-0.420765010256874));
#1940=DIRECTION('center_axis',(0.745987581494578,-0.593632730682409,0.301832253608552));
#1941=DIRECTION('ref_axis',(0.424333956174419,0.0743909510977766,-0.902444834896923));
#1942=DIRECTION('',(0.0628853020533406,0.513995468813247,0.855484714547905));
#1943=DIRECTION('center_axis',(-0.745987581494578,0.593632730682409,-0.301832253608552));
#1944=DIRECTION('ref_axis',(-0.424333956174411,-0.0743909510977771,0.902444834896926));
#1945=DIRECTION('',(0.662984137850627,0.619200160773556,-0.42076501025687));
#1946=DIRECTION('center_axis',(0.745987581494578,-0.593632730682409,0.301832253608552));
#1947=DIRECTION('ref_axis',(0.42433395617442,0.074390951097787,-0.902444834896921));
#1948=DIRECTION('',(0.0628853020533389,0.513995468813242,0.855484714547908));
#1949=DIRECTION('center_axis',(0.745987581494578,-0.593632730682409,0.301832253608552));
#1950=DIRECTION('ref_axis',(0.513267203212176,0.801290314091778,0.307393250819615));
#1951=DIRECTION('center_axis',(-0.745987581494573,0.593632730682412,-0.301832253608557));
#1952=DIRECTION('ref_axis',(-0.622673572620768,-0.782481707108664,4.59603614356094E-19));
#1953=DIRECTION('center_axis',(-0.745987581494573,0.593632730682412,-0.301832253608557));
#1954=DIRECTION('ref_axis',(-0.622673572620768,-0.782481707108664,4.59603614356086E-19));
#1955=DIRECTION('center_axis',(0.0628853020533368,0.513995468813244,0.855484714547907));
#1956=DIRECTION('ref_axis',(0.99629345724906,0.0180789031949583,-0.0840981587312247));
#1957=DIRECTION('',(-0.0628853020533367,-0.513995468813244,-0.855484714547907));
#1958=DIRECTION('center_axis',(0.0628853020533334,0.513995468813242,0.855484714547909));
#1959=DIRECTION('ref_axis',(0.745987581494575,-0.59363273068241,0.301832253608557));
#1960=DIRECTION('',(0.0628853020533368,0.513995468813244,0.855484714547907));
#1961=DIRECTION('center_axis',(-0.0628853020533368,-0.513995468813244,-0.855484714547907));
#1962=DIRECTION('ref_axis',(0.996293457249061,0.018078903194949,-0.0840981587312223));
#1963=DIRECTION('center_axis',(-0.662984137850622,-0.619200160773559,0.420765010256873));
#1964=DIRECTION('ref_axis',(-0.0628853020533388,-0.513995468813242,-0.855484714547908));
#1965=DIRECTION('',(-0.745987581494576,0.59363273068241,-0.301832253608553));
#1966=DIRECTION('',(-0.745987581494577,0.593632730682408,-0.301832253608554));
#1967=DIRECTION('center_axis',(-0.745987581494577,0.593632730682408,-0.301832253608554));
#1968=DIRECTION('ref_axis',(0.579797696864047,0.355965965738348,-0.732886663780363));
#1969=DIRECTION('',(-0.745987581494576,0.59363273068241,-0.301832253608553));
#1970=DIRECTION('center_axis',(-0.745987581494447,0.59363273068277,-0.301832253608165));
#1971=DIRECTION('ref_axis',(0.617980154058071,0.448144709462653,-0.645961955978057));
#1972=DIRECTION('',(-0.745987581494576,0.59363273068241,-0.301832253608553));
#1973=DIRECTION('center_axis',(-0.745987581494573,0.593632730682412,-0.301832253608557));
#1974=DIRECTION('ref_axis',(-0.375069859350447,0.,0.926996548325201));
#1975=DIRECTION('center_axis',(0.745987581494575,-0.593632730682412,0.301832253608554));
#1976=DIRECTION('ref_axis',(-0.375069859350442,0.,0.926996548325203));
#1977=DIRECTION('center_axis',(-0.745987581494573,0.593632730682412,-0.301832253608557));
#1978=DIRECTION('ref_axis',(-0.424333956174413,-0.0743909510977731,0.902444834896926));
#1979=DIRECTION('center_axis',(-0.662984137850639,-0.619200160773547,0.420765010256864));
#1980=DIRECTION('ref_axis',(0.745987581494563,-0.593632730682422,0.301832253608564));
#1981=DIRECTION('center_axis',(0.745987581494573,-0.593632730682412,0.301832253608557));
#1982=DIRECTION('ref_axis',(-0.424333956174413,-0.0743909510977732,0.902444834896926));
#1983=DIRECTION('center_axis',(-0.0628853020533297,-0.513995468813245,-0.855484714547907));
#1984=DIRECTION('ref_axis',(0.745987581494574,-0.593632730682408,0.301832253608562));
#1985=DIRECTION('center_axis',(0.745987581494577,-0.593632730682408,0.301832253608554));
#1986=DIRECTION('ref_axis',(-0.42433395617441,-0.0743909510977769,0.902444834896927));
#1987=DIRECTION('',(0.745987581494577,-0.593632730682408,0.301832253608554));
#1988=DIRECTION('center_axis',(0.745987581494577,-0.593632730682408,0.301832253608554));
#1989=DIRECTION('ref_axis',(-0.48152536490806,-0.167722534475433,0.860233964906813));
#1990=DIRECTION('center_axis',(0.745987581494222,-0.593632730682998,0.301832253608271));
#1991=DIRECTION('ref_axis',(-0.481525364908082,-0.167722534475396,0.860233964906808));
#1992=DIRECTION('',(-0.745987581494577,0.593632730682408,-0.301832253608554));
#1993=DIRECTION('center_axis',(0.662984137850622,0.619200160773559,-0.420765010256873));
#1994=DIRECTION('ref_axis',(0.0628853020533388,0.513995468813242,0.855484714547908));
#1995=DIRECTION('',(-0.0628853020533368,-0.513995468813244,-0.855484714547907));
#1996=DIRECTION('',(-0.745987581494576,0.59363273068241,-0.301832253608553));
#1997=DIRECTION('center_axis',(-0.0628853020533368,-0.513995468813244,-0.855484714547907));
#1998=DIRECTION('ref_axis',(0.0586922978624606,-0.857602361994599,0.510953425346096));
#1999=DIRECTION('',(0.062885302053339,0.513995468813243,0.855484714547908));
#2000=DIRECTION('',(-0.0628853020533368,-0.513995468813244,-0.855484714547907));
#2001=DIRECTION('center_axis',(-0.0628853020533408,-0.513995468813245,-0.855484714547907));
#2002=DIRECTION('ref_axis',(0.745987581494576,-0.59363273068241,0.301832253608553));
#2003=DIRECTION('center_axis',(0.745987581494577,-0.593632730682411,0.30183225360855));
#2004=DIRECTION('ref_axis',(-0.0628853020533401,-0.513995468813241,-0.855484714547909));
#2005=DIRECTION('center_axis',(-0.745987581494573,0.593632730682412,-0.301832253608558));
#2006=DIRECTION('ref_axis',(-0.622673572620767,-0.782481707108665,2.72269657993712E-16));
#2007=DIRECTION('',(0.745987581494573,-0.593632730682412,0.301832253608558));
#2008=DIRECTION('center_axis',(0.745987581494573,-0.593632730682412,0.301832253608557));
#2009=DIRECTION('ref_axis',(-0.622673572620767,-0.782481707108665,2.72269657993712E-16));
#2010=DIRECTION('center_axis',(-0.662815640943063,-0.61783970405821,0.423024261964369));
#2011=DIRECTION('ref_axis',(-0.0646370975300871,-0.515629984729172,-0.854369805453751));
#2012=DIRECTION('',(0.745987581494573,-0.593632730682412,0.301832253608557));
#2013=DIRECTION('',(-0.0646370975300872,-0.515629984729172,-0.854369805453751));
#2014=DIRECTION('',(0.745987581494573,-0.593632730682412,0.301832253608557));
#2015=DIRECTION('center_axis',(0.0646370203766858,0.515629912811079,0.854369854694829));
#2016=DIRECTION('ref_axis',(-0.662815648466979,-0.617839764078828,0.423024162513581));
#2017=DIRECTION('',(-0.662815648466979,-0.617839764078828,0.423024162513581));
#2018=DIRECTION('',(0.745987581494573,-0.593632730682412,0.301832253608557));
#2019=DIRECTION('center_axis',(0.662815648466979,0.617839764078829,-0.42302416251358));
#2020=DIRECTION('ref_axis',(0.0646370203766848,0.515629912811078,0.85436985469483));
#2021=DIRECTION('',(0.064637020376685,0.515629912811078,0.85436985469483));
#2022=DIRECTION('',(0.745987581494573,-0.593632730682412,0.301832253608557));
#2023=DIRECTION('center_axis',(0.745987581494573,-0.593632730682412,0.301832253608557));
#2024=DIRECTION('ref_axis',(-0.064637353758455,-0.515630223570904,-0.854369641922818));
#2025=DIRECTION('center_axis',(0.745987581494573,-0.593632730682412,0.301832253608557));
#2026=DIRECTION('ref_axis',(-0.622673572620768,-0.782481707108664,2.646108469807E-17));
#2027=DIRECTION('',(0.745987581494573,-0.593632730682412,0.301832253608557));
#2028=DIRECTION('center_axis',(0.745987581494573,-0.593632730682412,0.301832253608557));
#2029=DIRECTION('ref_axis',(-0.06463686588873,-0.515629768806014,-0.854369953292565));
#2030=DIRECTION('',(0.745987581494573,-0.593632730682412,0.301832253608557));
#2031=DIRECTION('center_axis',(-0.745987581494573,0.593632730682412,-0.301832253608557));
#2032=DIRECTION('ref_axis',(-0.622673572620768,-0.782481707108664,9.70602882153403E-18));
#2033=DIRECTION('center_axis',(-0.662815648466979,-0.617839764078829,0.42302416251358));
#2034=DIRECTION('ref_axis',(-0.0646370203766849,-0.515629912811078,-0.85436985469483));
#2035=DIRECTION('',(-0.064637020376685,-0.515629912811078,-0.854369854694829));
#2036=DIRECTION('',(0.745987581494573,-0.593632730682412,0.301832253608557));
#2037=DIRECTION('center_axis',(0.0646370203766858,0.515629912811079,0.854369854694829));
#2038=DIRECTION('ref_axis',(-0.662815648466979,-0.617839764078828,0.423024162513581));
#2039=DIRECTION('',(-0.662815648466979,-0.617839764078828,0.423024162513581));
#2040=DIRECTION('',(0.745987581494573,-0.593632730682412,0.301832253608557));
#2041=DIRECTION('center_axis',(0.662815686069714,0.617840064048504,-0.423023665480403));
#2042=DIRECTION('ref_axis',(0.0646366347809995,0.515629553380218,0.854370100790696));
#2043=DIRECTION('',(0.0646366347809996,0.515629553380218,0.854370100790696));
#2044=DIRECTION('center_axis',(0.745987581494573,-0.593632730682412,0.301832253608557));
#2045=DIRECTION('ref_axis',(-0.622673572620768,-0.782481707108664,-2.22907947408051E-18));
#2046=DIRECTION('center_axis',(0.745987581494573,-0.593632730682412,0.301832253608557));
#2047=DIRECTION('ref_axis',(-0.622673572620768,-0.782481707108664,-2.22907947408051E-18));
#2048=DIRECTION('',(0.745987581494573,-0.593632730682412,0.301832253608557));
#2049=DIRECTION('center_axis',(0.745987581494573,-0.593632730682412,0.301832253608557));
#2050=DIRECTION('ref_axis',(-0.622673572620768,-0.782481707108664,-2.22907947408051E-18));
#2051=DIRECTION('center_axis',(0.745987581494573,-0.593632730682412,0.301832253608557));
#2052=DIRECTION('ref_axis',(-0.622673572620768,-0.782481707108664,-2.22907947408051E-18));
#2053=DIRECTION('',(0.745987581494573,-0.593632730682412,0.301832253608557));
#2054=DIRECTION('center_axis',(0.745987581494573,-0.593632730682412,0.301832253608557));
#2055=DIRECTION('ref_axis',(-0.622673572620768,-0.782481707108664,-2.22907947408051E-18));
#2056=DIRECTION('center_axis',(0.745987581494573,-0.593632730682412,0.301832253608557));
#2057=DIRECTION('ref_axis',(-0.622673572620768,-0.782481707108664,-2.22907947408051E-18));
#2058=DIRECTION('',(0.745987581494573,-0.593632730682412,0.301832253608557));
#2059=DIRECTION('center_axis',(0.745987581494577,-0.59363273068241,0.301832253608552));
#2060=DIRECTION('ref_axis',(0.513267203212176,0.801290314091778,0.307393250819615));
#2061=DIRECTION('center_axis',(0.745987581494578,-0.593632730682408,0.301832253608554));
#2062=DIRECTION('ref_axis',(0.662984137850621,0.619200160773561,-0.420765010256871));
#2063=DIRECTION('center_axis',(-0.745987581494573,0.593632730682412,-0.301832253608557));
#2064=DIRECTION('ref_axis',(-0.375069859350447,0.,0.926996548325201));
#2065=DIRECTION('center_axis',(-0.0628853020533374,-0.513995468813251,-0.855484714547903));
#2066=DIRECTION('ref_axis',(0.74598758149457,-0.593632730682413,0.301832253608563));
#2067=DIRECTION('center_axis',(-0.745987581494573,0.593632730682412,-0.301832253608557));
#2068=DIRECTION('ref_axis',(-0.424333956174416,-0.0743909510977777,0.902444834896924));
#2069=DIRECTION('center_axis',(0.745987581494573,-0.593632730682412,0.301832253608557));
#2070=DIRECTION('ref_axis',(-0.424333956174416,-0.0743909510977777,0.902444834896924));
#2071=DIRECTION('center_axis',(0.0628853020533404,0.513995468813247,0.855484714547905));
#2072=DIRECTION('ref_axis',(0.0586922978624852,-0.857602361994593,0.510953425346104));
#2073=DIRECTION('center_axis',(-0.0628853020533402,-0.513995468813254,-0.855484714547901));
#2074=DIRECTION('ref_axis',(0.745987581494574,-0.593632730682409,0.301832253608561));
#2075=DIRECTION('',(0.0628853020533404,0.513995468813247,0.855484714547905));
#2076=DIRECTION('',(-0.0628853020533404,-0.513995468813247,-0.855484714547905));
#2077=DIRECTION('center_axis',(-0.745987581494573,0.593632730682412,-0.301832253608557));
#2078=DIRECTION('ref_axis',(0.424333956174413,0.0743909510977719,-0.902444834896926));
#2079=DIRECTION('center_axis',(-0.662984137850625,-0.619200160773552,0.420765010256879));
#2080=DIRECTION('ref_axis',(0.745987581494574,-0.593632730682409,0.301832253608561));
#2081=DIRECTION('center_axis',(0.745987581494573,-0.593632730682412,0.301832253608557));
#2082=DIRECTION('ref_axis',(0.424333956174412,0.0743909510977722,-0.902444834896927));
#2083=DIRECTION('center_axis',(-0.745987581494573,0.593632730682412,-0.301832253608557));
#2084=DIRECTION('ref_axis',(0.424333956174412,0.0743909510977722,-0.902444834896927));
#2085=DIRECTION('center_axis',(0.662984137850626,0.619200160773551,-0.420765010256878));
#2086=DIRECTION('ref_axis',(0.571959501074643,-0.056312047902806,0.818346676165693));
#2087=DIRECTION('',(0.662984137850626,0.619200160773551,-0.420765010256878));
#2088=DIRECTION('',(-0.662984137850626,-0.619200160773551,0.420765010256878));
#2089=DIRECTION('center_axis',(0.,0.,1.));
#2090=DIRECTION('ref_axis',(1.,0.,0.));
#2091=DIRECTION('center_axis',(0.745987581494577,-0.59363273068241,0.301832253608552));
#2092=DIRECTION('ref_axis',(-0.513267203212167,-0.80129031409179,-0.307393250819599));
#2093=DIRECTION('center_axis',(0.745987581494578,-0.593632730682406,0.301832253608556));
#2094=DIRECTION('ref_axis',(-0.662984137850621,-0.619200160773561,0.420765010256871));
#2095=DIRECTION('',(-0.745987581494577,0.59363273068241,-0.301832253608552));
#2096=DIRECTION('center_axis',(0.,0.,1.));
#2097=DIRECTION('ref_axis',(1.,0.,0.));
#2098=DIRECTION('center_axis',(0.662984137850626,0.619200160773555,-0.420765010256871));
#2099=DIRECTION('ref_axis',(0.48302625403689,-0.783211410896824,-0.39149140955083));
#2100=DIRECTION('center_axis',(-0.745987581494573,0.593632730682414,-0.301832253608555));
#2101=DIRECTION('ref_axis',(-0.42433395617441,-0.0743909510977819,0.902444834896927));
#2102=DIRECTION('',(-0.745987581494573,0.593632730682414,-0.301832253608555));
#2103=DIRECTION('center_axis',(0.662984137850626,0.619200160773552,-0.420765010256876));
#2104=DIRECTION('ref_axis',(-0.0628853020533404,-0.513995468813247,-0.855484714547905));
#2105=DIRECTION('',(0.745987581494573,-0.593632730682412,0.301832253608557));
#2106=DIRECTION('center_axis',(-0.745987581494573,0.593632730682413,-0.301832253608557));
#2107=DIRECTION('ref_axis',(0.424333956174411,0.0743909510977719,-0.902444834896927));
#2108=DIRECTION('',(-0.745987581494573,0.593632730682412,-0.301832253608557));
#2109=DIRECTION('center_axis',(-0.0628853020533416,-0.513995468813248,-0.855484714547905));
#2110=DIRECTION('ref_axis',(-0.662984137850626,-0.619200160773551,0.420765010256878));
#2111=DIRECTION('center_axis',(0.745987581494577,-0.59363273068241,0.301832253608552));
#2112=DIRECTION('ref_axis',(0.424333956174419,0.0743909510977666,-0.902444834896924));
#2113=DIRECTION('',(0.745987581494577,-0.59363273068241,0.301832253608552));
#2114=DIRECTION('center_axis',(-0.745987581494574,0.593632730682408,-0.301832253608563));
#2115=DIRECTION('ref_axis',(0.662984137850626,0.619200160773557,-0.42076501025687));
#2116=DIRECTION('',(-0.745987581494577,0.59363273068241,-0.301832253608552));
#2117=DIRECTION('center_axis',(0.,0.,1.));
#2118=DIRECTION('ref_axis',(1.,0.,0.));
#2119=DIRECTION('center_axis',(-0.0628853020533387,-0.513995468813242,-0.855484714547908));
#2120=DIRECTION('ref_axis',(0.996293457249059,0.0180789031949617,-0.0840981587312341));
#2121=DIRECTION('center_axis',(0.662984137850622,0.619200160773559,-0.420765010256873));
#2122=DIRECTION('ref_axis',(0.483026254036883,-0.78321141089682,-0.391491409550846));
#2123=DIRECTION('center_axis',(0.0628853020533387,0.513995468813242,0.855484714547908));
#2124=DIRECTION('ref_axis',(0.996293457249059,0.0180789031949603,-0.0840981587312346));
#2125=DIRECTION('',(0.0628853020533387,0.513995468813242,0.855484714547908));
#2126=DIRECTION('center_axis',(0.0628853020533421,0.513995468813237,0.855484714547911));
#2127=DIRECTION('ref_axis',(0.662984137850626,0.619200160773557,-0.42076501025687));
#2128=DIRECTION('center_axis',(0.662984137850622,0.619200160773559,-0.420765010256873));
#2129=DIRECTION('ref_axis',(0.0628853020533388,0.513995468813242,0.855484714547908));
#2130=DIRECTION('',(-0.745987581494577,0.59363273068241,-0.301832253608552));
#2131=DIRECTION('center_axis',(0.662984137850626,0.619200160773555,-0.420765010256871));
#2132=DIRECTION('ref_axis',(0.483026254036886,-0.783211410896827,-0.391491409550828));
#2133=DIRECTION('',(0.662984137850626,0.619200160773555,-0.420765010256871));
#2134=DIRECTION('center_axis',(0.662984137850624,0.619200160773558,-0.420765010256871));
#2135=DIRECTION('ref_axis',(0.745987581494575,-0.59363273068241,0.301832253608557));
#2136=DIRECTION('',(-0.662984137850626,-0.619200160773555,0.420765010256871));
#2137=DIRECTION('center_axis',(-0.745987581494573,0.593632730682412,-0.301832253608557));
#2138=DIRECTION('ref_axis',(0.424333956174411,0.0743909510977745,-0.902444834896927));
#2139=DIRECTION('center_axis',(0.0628853020533378,0.513995468813247,0.855484714547905));
#2140=DIRECTION('ref_axis',(0.745987581494579,-0.593632730682406,0.301832253608555));
#2141=DIRECTION('center_axis',(-0.745987581494573,0.593632730682412,-0.301832253608557));
#2142=DIRECTION('ref_axis',(0.424333956174415,0.0743909510977774,-0.902444834896924));
#2143=DIRECTION('center_axis',(0.745987581494573,-0.593632730682412,0.301832253608557));
#2144=DIRECTION('ref_axis',(0.424333956174415,0.0743909510977774,-0.902444834896925));
#2145=DIRECTION('center_axis',(-0.0628853020533406,-0.513995468813247,-0.855484714547905));
#2146=DIRECTION('ref_axis',(0.99629345724906,0.0180789031949453,-0.084098158731235));
#2147=DIRECTION('center_axis',(0.0628853020533426,0.513995468813246,0.855484714547905));
#2148=DIRECTION('ref_axis',(0.745987581494576,-0.59363273068241,0.301832253608553));
#2149=DIRECTION('',(-0.0628853020533406,-0.513995468813247,-0.855484714547905));
#2150=DIRECTION('',(0.0628853020533406,0.513995468813247,0.855484714547905));
#2151=DIRECTION('center_axis',(-0.745987581494573,0.593632730682412,-0.301832253608557));
#2152=DIRECTION('ref_axis',(-0.375069859350447,0.,0.926996548325201));
#2153=DIRECTION('center_axis',(0.662984137850624,0.619200160773558,-0.420765010256871));
#2154=DIRECTION('ref_axis',(0.745987581494575,-0.59363273068241,0.301832253608557));
#2155=DIRECTION('center_axis',(0.745987581494573,-0.593632730682412,0.301832253608557));
#2156=DIRECTION('ref_axis',(-0.424333956174415,-0.0743909510977764,0.902444834896925));
#2157=DIRECTION('center_axis',(-0.745987581494573,0.593632730682412,-0.301832253608557));
#2158=DIRECTION('ref_axis',(-0.424333956174415,-0.0743909510977764,0.902444834896925));
#2159=DIRECTION('center_axis',(-0.662984137850627,-0.619200160773556,0.42076501025687));
#2160=DIRECTION('ref_axis',(0.483026254036886,-0.783211410896827,-0.391491409550828));
#2161=DIRECTION('center_axis',(0.662984137850631,0.619200160773552,-0.420765010256868));
#2162=DIRECTION('ref_axis',(0.745987581494568,-0.593632730682418,0.301832253608557));
#2163=DIRECTION('',(-0.662984137850626,-0.619200160773556,0.42076501025687));
#2164=DIRECTION('',(0.662984137850627,0.619200160773556,-0.42076501025687));
#2165=DIRECTION('center_axis',(-0.745987581494573,0.593632730682412,-0.301832253608557));
#2166=DIRECTION('ref_axis',(0.424333956174416,0.07439095109778,-0.902444834896924));
#2167=DIRECTION('center_axis',(-0.745987581494573,0.593632730682412,-0.301832253608557));
#2168=DIRECTION('ref_axis',(0.424333956174418,0.074390951097782,-0.902444834896923));
#2169=DIRECTION('center_axis',(0.745987581494573,-0.593632730682412,0.301832253608557));
#2170=DIRECTION('ref_axis',(0.424333956174418,0.0743909510977819,-0.902444834896923));
#2171=DIRECTION('center_axis',(-0.745987581494573,0.593632730682412,-0.301832253608557));
#2172=DIRECTION('ref_axis',(-0.375069859350446,0.,0.926996548325201));
#2173=DIRECTION('center_axis',(0.745987581494577,-0.593632730682408,0.301832253608554));
#2174=DIRECTION('ref_axis',(0.42433395617442,0.0743909510977869,-0.902444834896921));
#2175=DIRECTION('',(0.745987581494577,-0.593632730682408,0.301832253608554));
#2176=DIRECTION('center_axis',(0.062885302053336,0.513995468813243,0.855484714547908));
#2177=DIRECTION('ref_axis',(0.662984137850626,0.619200160773556,-0.42076501025687));
#2178=DIRECTION('',(-0.745987581494573,0.593632730682412,-0.301832253608557));
#2179=DIRECTION('center_axis',(-0.745987581494573,0.593632730682414,-0.301832253608555));
#2180=DIRECTION('ref_axis',(0.424333956174419,0.0743909510977766,-0.902444834896923));
#2181=DIRECTION('',(-0.745987581494573,0.593632730682414,-0.301832253608555));
#2182=DIRECTION('',(-0.745987581494576,0.59363273068241,-0.301832253608553));
#2183=DIRECTION('center_axis',(-0.662984137850626,-0.619200160773552,0.420765010256876));
#2184=DIRECTION('ref_axis',(0.0628853020533406,0.513995468813247,0.855484714547905));
#2185=DIRECTION('',(0.745987581494573,-0.593632730682412,0.301832253608557));
#2186=DIRECTION('center_axis',(-0.745987581494573,0.593632730682412,-0.301832253608557));
#2187=DIRECTION('ref_axis',(-0.424333956174411,-0.0743909510977771,0.902444834896927));
#2188=DIRECTION('center_axis',(0.,0.,1.));
#2189=DIRECTION('ref_axis',(1.,0.,0.));
#2190=DIRECTION('center_axis',(-0.0628853020533255,-0.513995468813251,-0.855484714547904));
#2191=DIRECTION('ref_axis',(-0.662984137850626,-0.619200160773557,0.42076501025687));
#2192=DIRECTION('center_axis',(0.745987581494581,-0.593632730682406,0.301832253608552));
#2193=DIRECTION('ref_axis',(-0.0628853020533317,-0.513995468813238,-0.855484714547911));
#2194=DIRECTION('center_axis',(-0.662984137850626,-0.619200160773557,0.42076501025687));
#2195=DIRECTION('ref_axis',(0.745987581494574,-0.593632730682415,0.301832253608552));
#2196=DIRECTION('center_axis',(0.745987581494577,-0.59363273068241,0.301832253608552));
#2197=DIRECTION('ref_axis',(-0.513267203212173,-0.801290314091783,-0.307393250819607));
#2198=DIRECTION('',(0.745987581494577,-0.59363273068241,0.301832253608552));
#2199=DIRECTION('',(-0.745987581494577,0.59363273068241,-0.301832253608552));
#2200=DIRECTION('center_axis',(0.,0.,1.));
#2201=DIRECTION('ref_axis',(1.,0.,0.));
#2202=DIRECTION('center_axis',(-0.662984137850622,-0.619200160773555,0.420765010256879));
#2203=DIRECTION('ref_axis',(0.062885302053345,0.513995468813245,0.855484714547906));
#2204=DIRECTION('center_axis',(0.745987581494573,-0.593632730682414,0.301832253608552));
#2205=DIRECTION('ref_axis',(-0.662984137850626,-0.619200160773557,0.42076501025687));
#2206=DIRECTION('center_axis',(0.,-1.,0.));
#2207=DIRECTION('ref_axis',(-1.,0.,0.));
#2208=DIRECTION('center_axis',(0.745987581494573,-0.593632730682414,0.301832253608552));
#2209=DIRECTION('ref_axis',(-0.662984137850626,-0.619200160773557,0.42076501025687));
#2210=DIRECTION('center_axis',(0.0628853020533346,0.513995468813243,0.855484714547908));
#2211=DIRECTION('ref_axis',(0.74598758149458,-0.593632730682405,0.301832253608554));
#2212=DIRECTION('center_axis',(0.745987581494577,-0.59363273068241,0.301832253608552));
#2213=DIRECTION('ref_axis',(-0.424333956174419,-0.0743909510977766,0.902444834896923));
#2214=DIRECTION('',(0.745987581494577,-0.59363273068241,0.301832253608552));
#2215=DIRECTION('center_axis',(-0.0628853020533387,-0.513995468813242,-0.855484714547908));
#2216=DIRECTION('ref_axis',(0.0586922978624696,-0.857602361994605,0.510953425346085));
#2217=DIRECTION('',(-0.0628853020533387,-0.513995468813242,-0.855484714547908));
#2218=DIRECTION('center_axis',(0.,0.,1.));
#2219=DIRECTION('ref_axis',(1.,0.,0.));
#2220=DIRECTION('center_axis',(0.74598758149457,-0.593632730682419,0.301832253608551));
#2221=DIRECTION('ref_axis',(0.0628853020533452,0.51399546881324,0.855484714547909));
#2222=DIRECTION('center_axis',(0.662984137850622,0.619200160773555,-0.420765010256879));
#2223=DIRECTION('ref_axis',(0.745987581494577,-0.59363273068241,0.301832253608553));
#2224=DIRECTION('center_axis',(0.745987581494577,-0.59363273068241,0.301832253608552));
#2225=DIRECTION('ref_axis',(0.513267203212168,0.801290314091787,0.307393250819604));
#2226=DIRECTION('center_axis',(-0.662984137850622,-0.619200160773559,0.420765010256873));
#2227=DIRECTION('ref_axis',(0.571959501074655,-0.0563120479028158,0.818346676165684));
#2228=DIRECTION('center_axis',(0.662984137850622,0.619200160773559,-0.420765010256873));
#2229=DIRECTION('ref_axis',(0.483026254036875,-0.783211410896826,-0.391491409550845));
#2230=DIRECTION('',(0.662984137850621,0.619200160773559,-0.420765010256873));
#2231=DIRECTION('center_axis',(0.0628853020533387,0.513995468813242,0.855484714547908));
#2232=DIRECTION('ref_axis',(-0.662984137850621,-0.619200160773559,0.420765010256874));
#2233=DIRECTION('center_axis',(-0.0628853020533387,-0.513995468813242,-0.855484714547908));
#2234=DIRECTION('ref_axis',(0.662984137850621,0.619200160773559,-0.420765010256874));
#2235=DIRECTION('center_axis',(-0.662984137850622,-0.619200160773559,0.420765010256873));
#2236=DIRECTION('ref_axis',(-0.0628853020533388,-0.513995468813242,-0.855484714547908));
#2237=CARTESIAN_POINT('',(0.,0.,0.));
#2238=CARTESIAN_POINT('Origin',(-110.321195611944,-76.5177258315091,93.8267455705457));
#2239=CARTESIAN_POINT('',(-111.09953757772,-77.4958279653949,93.8267455705457));
#2240=CARTESIAN_POINT('',(-110.790032936132,-76.5177258315091,94.9854912559522));
#2241=CARTESIAN_POINT('Origin',(-110.321195611944,-76.5177258315091,93.8267455705457));
#2242=CARTESIAN_POINT('',(-110.60457407506,-76.8145421968502,95.5999056569191));
#2243=CARTESIAN_POINT('Origin',(-110.977567865807,-76.5177258315091,95.4489895301148));
#2244=CARTESIAN_POINT('Origin',(-109.948201821197,-76.8145421968503,93.97766169735));
#2245=CARTESIAN_POINT('Origin',(-110.321195611944,-76.5177258315091,93.8267455705457));
#2246=CARTESIAN_POINT('Origin',(-109.948201821197,-76.8145421968503,93.97766169735));
#2247=CARTESIAN_POINT('',(-111.349217359593,-78.5751260378448,93.97766169735));
#2248=CARTESIAN_POINT('Origin',(-109.948201821197,-76.8145421968503,93.97766169735));
#2249=CARTESIAN_POINT('Origin',(-107.337245285966,-78.8922567542387,95.0340745849799));
#2250=CARTESIAN_POINT('',(-114.456481694446,-74.824480677324,92.4685004293072));
#2251=CARTESIAN_POINT('',(-108.115587251742,-79.8703588881245,95.0340745849799));
#2252=CARTESIAN_POINT('Origin',(-113.67813972867,-73.8463785434382,92.4685004293072));
#2253=CARTESIAN_POINT('Origin',(-108.08323286746,-78.2986240235563,94.7322423313713));
#2254=CARTESIAN_POINT('',(-109.484248405857,-80.0592078645508,94.7322423313713));
#2255=CARTESIAN_POINT('',(-108.927140050999,-78.2986240235563,96.8179845651031));
#2256=CARTESIAN_POINT('Origin',(-108.08323286746,-78.2986240235563,94.7322423313713));
#2257=CARTESIAN_POINT('',(-108.556222328855,-78.8922567542387,98.0468133670368));
#2258=CARTESIAN_POINT('Origin',(-109.302209910349,-78.2986240235563,97.7449811134283));
#2259=CARTESIAN_POINT('Origin',(-107.337245285966,-78.8922567542387,95.0340745849799));
#2260=CARTESIAN_POINT('Origin',(-108.08323286746,-78.2986240235563,94.7322423313713));
#2261=CARTESIAN_POINT('Origin',(-98.3959594068228,-82.6059341529124,65.6314889521296));
#2262=CARTESIAN_POINT('',(-113.392176753468,-110.383500694816,48.0631850197432));
#2263=CARTESIAN_POINT('',(-109.587615920205,-79.2867743490899,99.8200110529978));
#2264=CARTESIAN_POINT('',(-110.499452814738,-86.7397087675131,87.4154824912766));
#2265=CARTESIAN_POINT('',(-87.2043028934401,-85.9250939567349,31.4429668512615));
#2266=CARTESIAN_POINT('',(-107.259573374617,-104.655899110779,44.1711086090333));
#2267=CARTESIAN_POINT('',(-83.3997420601781,-54.8283676110086,83.199792884516));
#2268=CARTESIAN_POINT('',(-86.292465998908,-78.4721595383116,43.8474954129827));
#2269=CARTESIAN_POINT('',(-89.5323454390283,-60.5559691950454,87.0918692952259));
#2270=CARTESIAN_POINT('',(-90.6736505705689,-86.3196115515861,39.2416421013363));
#2271=CARTESIAN_POINT('Origin',(-89.45467352768,-86.3196115515861,36.2289033192794));
#2272=CARTESIAN_POINT('',(-109.834189114711,-101.493967618035,56.7531217971413));
#2273=CARTESIAN_POINT('',(-109.355750940979,-97.6773152975969,63.0771006963793));
#2274=CARTESIAN_POINT('',(-109.011169190472,-94.928477914082,67.6317701164093));
#2275=CARTESIAN_POINT('',(-109.024343116746,-97.3683954155574,62.8655886151225));
#2276=CARTESIAN_POINT('',(-104.054733012292,-92.7360021677498,59.693869363596));
#2277=CARTESIAN_POINT('',(-109.522608274153,-101.34323478412,56.2794961584671));
#2278=CARTESIAN_POINT('',(-108.928896282498,-96.60698188155,64.1272093921488));
#2279=CARTESIAN_POINT('',(-108.196980514315,-100.107558340769,55.4334505083949));
#2280=CARTESIAN_POINT('Origin',(-109.007896135456,-101.906853391079,53.8988648388027));
#2281=CARTESIAN_POINT('',(-107.698711819839,-96.1327158874255,62.0195402901129));
#2282=CARTESIAN_POINT('',(-107.354129609137,-93.3838777305157,66.5742100938413));
#2283=CARTESIAN_POINT('',(-107.367300135834,-95.8237924075225,61.8080257454614));
#2284=CARTESIAN_POINT('',(-103.226211521836,-91.9637006637324,59.1650879287655));
#2285=CARTESIAN_POINT('',(-107.845738568943,-99.6404467970865,55.4840434177975));
#2286=CARTESIAN_POINT('',(-107.261937601881,-94.9832822187896,63.2007040016595));
#2287=CARTESIAN_POINT('Origin',(-109.007896135456,-101.906853391079,53.8988648388027));
#2288=CARTESIAN_POINT('',(-96.9864854409328,-89.3730275197889,48.8386574089206));
#2289=CARTESIAN_POINT('Origin',(-97.8955888569591,-90.5154508121676,48.8386574089206));
#2290=CARTESIAN_POINT('',(-100.301406130186,-92.4690283236567,50.9424824602049));
#2291=CARTESIAN_POINT('Origin',(-101.210509546212,-93.6114516160354,50.9424824602049));
#2292=CARTESIAN_POINT('',(-103.616326819439,-95.5650291275245,53.0463075114892));
#2293=CARTESIAN_POINT('Origin',(-104.525430235465,-96.7074524199032,53.0463075114892));
#2294=CARTESIAN_POINT('Origin',(-107.337245285966,-78.8922567542387,95.0340745849799));
#2295=CARTESIAN_POINT('',(-108.738260824362,-80.6528405952332,95.0340745849799));
#2296=CARTESIAN_POINT('Origin',(-92.4386238536583,-83.9450806288564,35.0215743048452));
#2297=CARTESIAN_POINT('',(-93.2169658194343,-84.9231827627423,35.0215743048452));
#2298=CARTESIAN_POINT('',(-92.9074611778463,-83.9450806288564,36.1803199902517));
#2299=CARTESIAN_POINT('Origin',(-92.4386238536583,-83.9450806288564,35.0215743048452));
#2300=CARTESIAN_POINT('',(-92.7220023167743,-84.2418969941976,36.7947343912186));
#2301=CARTESIAN_POINT('Origin',(-93.0949961075216,-83.9450806288564,36.6438182644143));
#2302=CARTESIAN_POINT('Origin',(-92.065630062911,-84.2418969941976,35.1724904316495));
#2303=CARTESIAN_POINT('Origin',(-92.4386238536583,-83.9450806288564,35.0215743048452));
#2304=CARTESIAN_POINT('Origin',(-92.065630062911,-84.2418969941976,35.1724904316495));
#2305=CARTESIAN_POINT('',(-93.4666456013077,-86.0024808351922,35.1724904316495));
#2306=CARTESIAN_POINT('Origin',(-92.065630062911,-84.2418969941976,35.1724904316495));
#2307=CARTESIAN_POINT('Origin',(-89.4546735276799,-86.3196115515861,36.2289033192794));
#2308=CARTESIAN_POINT('',(-96.5739099361599,-82.2518354746714,33.6633291636067));
#2309=CARTESIAN_POINT('',(-90.2330154934559,-87.2977136854719,36.2289033192794));
#2310=CARTESIAN_POINT('Origin',(-95.7955679703839,-81.2737333407856,33.6633291636067));
#2311=CARTESIAN_POINT('Origin',(-90.2006611091745,-85.7259788209037,35.9270710656709));
#2312=CARTESIAN_POINT('',(-91.6016766475713,-87.4865626618982,35.9270710656709));
#2313=CARTESIAN_POINT('',(-91.044568292713,-85.7259788209037,38.0128132994026));
#2314=CARTESIAN_POINT('Origin',(-90.2006611091745,-85.7259788209037,35.9270710656709));
#2315=CARTESIAN_POINT('Origin',(-91.4196381520635,-85.7259788209037,38.9398098477278));
#2316=CARTESIAN_POINT('Origin',(-90.2006611091745,-85.7259788209037,35.9270710656709));
#2317=CARTESIAN_POINT('Origin',(-89.45467352768,-86.3196115515861,36.2289033192794));
#2318=CARTESIAN_POINT('',(-90.8556890660767,-88.0801953925806,36.2289033192794));
#2319=CARTESIAN_POINT('Origin',(-104.901350182037,-72.25318573319,93.7884236201167));
#2320=CARTESIAN_POINT('',(-105.004210914447,-71.8939903045701,94.7490995872289));
#2321=CARTESIAN_POINT('',(-104.321108635005,-73.0016185040658,94.1954471262895));
#2322=CARTESIAN_POINT('Origin',(-105.0670962165,-72.4079857733834,93.8936148726809));
#2323=CARTESIAN_POINT('',(-104.652600703931,-73.3112185844526,94.4058296314179));
#2324=CARTESIAN_POINT('',(-104.155362600543,-72.8468184638724,94.0902558737253));
#2325=CARTESIAN_POINT('',(-105.335702983372,-72.2035903849569,94.9594820923573));
#2326=CARTESIAN_POINT('Origin',(-105.398588285425,-72.7175858537702,94.1039973778094));
#2327=CARTESIAN_POINT('',(-104.838464879984,-71.7391902643767,94.6439083346646));
#2328=CARTESIAN_POINT('Origin',(-104.901350182037,-72.25318573319,93.7884236201167));
#2329=CARTESIAN_POINT('',(-91.0614258779931,-60.6176152885945,85.780146921152));
#2330=CARTESIAN_POINT('',(-91.7445281574342,-59.509987089099,86.3337993820914));
#2331=CARTESIAN_POINT('Origin',(-91.8074134594875,-60.0239825579123,85.4783146675435));
#2332=CARTESIAN_POINT('',(-86.1091629857039,-54.2467857225238,82.757296794908));
#2333=CARTESIAN_POINT('',(-104.838464879984,-71.7391902643767,94.6439083346646));
#2334=CARTESIAN_POINT('',(-85.4260607062626,-55.3544139220194,82.2036443339687));
#2335=CARTESIAN_POINT('Origin',(-86.1720482877571,-54.760781191337,81.9018120803601));
#2336=CARTESIAN_POINT('',(-104.155362600543,-72.8468184638724,94.0902558737253));
#2337=CARTESIAN_POINT('Origin',(-109.385808391299,-67.5612002347306,94.2213339405055));
#2338=CARTESIAN_POINT('',(-109.385808391299,-67.5612002347306,94.2213339405055));
#2339=CARTESIAN_POINT('',(-109.480136403414,-68.3321939204756,92.9381060655776));
#2340=CARTESIAN_POINT('',(-110.376251913398,-75.6566289891705,80.7474494855994));
#2341=CARTESIAN_POINT('',(-104.163895320837,-71.7166293495075,96.3341597157653));
#2342=CARTESIAN_POINT('',(-109.012814600552,-67.8580166000718,94.3722500673097));
#2343=CARTESIAN_POINT('',(-104.258223332952,-72.4876230352525,95.0509318408374));
#2344=CARTESIAN_POINT('',(-109.107142612667,-68.6290102858168,93.0890221923818));
#2345=CARTESIAN_POINT('Origin',(-96.2204536464018,-55.9481907050044,84.5228058604401));
#2346=CARTESIAN_POINT('',(-96.2204536464018,-55.9481907050044,84.5228058604401));
#2347=CARTESIAN_POINT('',(-96.1261256342867,-55.1771970192594,85.806033735368));
#2348=CARTESIAN_POINT('',(-97.1637331624431,-63.6581226165718,71.6905353429979));
#2349=CARTESIAN_POINT('',(-95.8474598556545,-56.2450070703456,84.6737219872443));
#2350=CARTESIAN_POINT('',(-90.9042125638247,-59.3326261340363,87.9188595106279));
#2351=CARTESIAN_POINT('',(-91.6299374895039,-65.264367116811,78.0461776499538));
#2352=CARTESIAN_POINT('',(-95.7531318435394,-55.4740133846006,85.9569498621723));
#2353=CARTESIAN_POINT('Origin',(-88.0873121215075,-48.959627593907,81.4794506128157));
#2354=CARTESIAN_POINT('',(-90.5727202874355,-59.0230258598867,87.7084768738318));
#2355=CARTESIAN_POINT('',(-115.849903735343,-73.5984018022728,98.32379279051));
#2356=CARTESIAN_POINT('',(-116.678633907656,-74.3724020032398,98.849749053331));
#2357=CARTESIAN_POINT('',(-110.441493769507,-77.9022390997203,100.512076629172));
#2358=CARTESIAN_POINT('',(-115.103916153848,-74.1920345329552,98.6256250441185));
#2359=CARTESIAN_POINT('',(-84.2536199094797,-53.443832361639,83.8918584606902));
#2360=CARTESIAN_POINT('',(-90.3862232883299,-59.1714339456759,87.7839348714001));
#2361=CARTESIAN_POINT('',(-89.6620298753154,-49.1399950641915,81.7035746220282));
#2362=CARTESIAN_POINT('',(-88.9160422938208,-49.733627794874,82.0054068756368));
#2363=CARTESIAN_POINT('',(-116.678633907656,-74.3724020032398,98.849749053331));
#2364=CARTESIAN_POINT('Origin',(-115.032498131501,-74.8082281785069,97.2372059166264));
#2365=CARTESIAN_POINT('',(-109.81162847234,-68.6417940008624,93.148488570706));
#2366=CARTESIAN_POINT('',(-109.065640890845,-69.2354267315448,93.4503208243145));
#2367=CARTESIAN_POINT('',(-115.778485712995,-74.2145954478244,96.9353736630178));
#2368=CARTESIAN_POINT('Origin',(-115.032498131501,-74.8082281785069,97.2372059166264));
#2369=CARTESIAN_POINT('',(-90.5850884746715,-50.6849893384292,80.9463032732566));
#2370=CARTESIAN_POINT('',(-115.778485712995,-74.2145954478244,96.9353736630178));
#2371=CARTESIAN_POINT('',(-89.8391008931769,-51.2786220691116,81.2481355268652));
#2372=CARTESIAN_POINT('Origin',(-104.736853849527,-77.5600559421119,63.0659147964569));
#2373=CARTESIAN_POINT('',(-111.626302072099,-71.4747830748294,92.0616893099784));
#2374=CARTESIAN_POINT('Origin',(-109.968841727473,-69.9267826728954,91.0097767843361));
#2375=CARTESIAN_POINT('',(-111.689187374153,-71.9887785436427,91.2062045954305));
#2376=CARTESIAN_POINT('',(-111.469088816966,-70.1897944027963,94.2004010963481));
#2377=CARTESIAN_POINT('',(-113.503860973913,-74.8217676176097,90.1194053347029));
#2378=CARTESIAN_POINT('Origin',(-113.346647718779,-73.5367789455764,92.2581171210725));
#2379=CARTESIAN_POINT('',(-114.498337180689,-75.75056785877,90.7505528500882));
#2380=CARTESIAN_POINT('',(-111.846400629286,-73.2737672156758,89.0674928090606));
#2381=CARTESIAN_POINT('',(-116.200500820967,-78.1559183044597,90.2267459536635));
#2382=CARTESIAN_POINT('Origin',(-114.655550435822,-77.035556530803,88.6118410637183));
#2383=CARTESIAN_POINT('',(-116.235107858085,-78.2321545883871,90.1623395383449));
#2384=CARTESIAN_POINT('Origin',(-116.44769288259,-78.3351761882448,90.4851307360546));
#2385=CARTESIAN_POINT('',(-116.28771648872,-78.3768130528389,90.0078543447379));
#2386=CARTESIAN_POINT('Origin',(-116.02252283358,-78.1291329885294,89.8395483406351));
#2387=CARTESIAN_POINT('',(-118.064366442634,-92.8983307391858,65.8385042892014));
#2388=CARTESIAN_POINT('',(-119.551603836195,-105.054323576619,45.6062907901433));
#2389=CARTESIAN_POINT('',(-119.05884264941,-93.8271309803461,66.4696518045867));
#2390=CARTESIAN_POINT('',(-112.097509098246,-87.3255291953423,62.0516191310557));
#2391=CARTESIAN_POINT('',(-116.757240535223,-75.0148963392563,97.7803931601462));
#2392=CARTESIAN_POINT('',(-120.640407996051,-106.754117020999,44.9542112337067));
#2393=CARTESIAN_POINT('Origin',(-115.928510362909,-74.2408961382894,97.254436897325));
#2394=CARTESIAN_POINT('Origin',(-117.487175145956,-95.4938263115725,65.6021191357747));
#2395=CARTESIAN_POINT('',(-116.646990037794,-94.0262329274824,66.4119855710576));
#2396=CARTESIAN_POINT('',(-115.622336618632,-95.6876752267259,65.5815068796486));
#2397=CARTESIAN_POINT('Origin',(-116.741317990874,-94.7972261307022,65.1287584992358));
#2398=CARTESIAN_POINT('',(-116.616812825408,-96.6164754678862,66.2126543950339));
#2399=CARTESIAN_POINT('',(-116.368193773714,-96.3842754075961,66.0548675161876));
#2400=CARTESIAN_POINT('',(-117.64146624457,-94.9550331686427,67.0431330864429));
#2401=CARTESIAN_POINT('Origin',(-117.73579419765,-95.7260263718626,65.7599060146211));
#2402=CARTESIAN_POINT('',(-117.392847192876,-94.7228331083526,66.8853462075966));
#2403=CARTESIAN_POINT('Origin',(-116.314519158386,-97.7454613006271,63.2450780222427));
#2404=CARTESIAN_POINT('',(-116.012225491363,-98.874447133368,60.2775016494516));
#2405=CARTESIAN_POINT('',(-115.528008665552,-94.916682023506,66.8647339514705));
#2406=CARTESIAN_POINT('',(-117.006701698139,-99.8032473745283,60.9086491648369));
#2407=CARTESIAN_POINT('',(-116.758082646445,-99.5710473142382,60.7508622859905));
#2408=CARTESIAN_POINT('',(-117.101029651219,-100.574240577748,59.625422093015));
#2409=CARTESIAN_POINT('Origin',(-117.877064018687,-98.6805982182146,60.2981139055777));
#2410=CARTESIAN_POINT('',(-118.220011023461,-99.6837914817245,59.1726737126022));
#2411=CARTESIAN_POINT('Origin',(-118.125683070381,-98.9127982785047,60.455900784424));
#2412=CARTESIAN_POINT('',(-117.225534816685,-98.7549912405642,58.5415261972169));
#2413=CARTESIAN_POINT('Origin',(-117.131206863605,-97.9839980373443,59.8247532690387));
#2414=CARTESIAN_POINT('',(-117.971391971767,-99.4515914214345,59.0148868337558));
#2415=CARTESIAN_POINT('Origin',(-118.312855067915,-94.4207637110286,66.7714840581952));
#2416=CARTESIAN_POINT('',(-118.312855067915,-94.4207637110285,66.7714840581952));
#2417=CARTESIAN_POINT('',(-117.318378861139,-93.4919634698682,66.1403365428099));
#2418=CARTESIAN_POINT('Origin',(-116.355042069724,-101.167873308431,59.9272543466235));
#2419=CARTESIAN_POINT('',(-118.642911221525,-97.6270890522676,57.9680449153606));
#2420=CARTESIAN_POINT('',(-117.89692364003,-98.22072178295,58.2698771689692));
#2421=CARTESIAN_POINT('',(-119.637387428301,-98.555889293428,58.5991924307459));
#2422=CARTESIAN_POINT('',(-112.676053877137,-92.0542875084241,54.1811597572149));
#2423=CARTESIAN_POINT('',(-117.623220958265,-100.15869766627,59.414139515489));
#2424=CARTESIAN_POINT('Origin',(-104.736853849527,-77.5600559421119,63.0659147964569));
#2425=CARTESIAN_POINT('',(-88.9119063305688,-49.0084891992412,80.1082624660222));
#2426=CARTESIAN_POINT('Origin',(-89.740636502882,-49.7824894002081,80.6342187288433));
#2427=CARTESIAN_POINT('',(-92.7164671638308,-80.1052155449675,28.3514364327677));
#2428=CARTESIAN_POINT('',(-88.8332997030021,-48.3659948632246,81.1776183592071));
#2429=CARTESIAN_POINT('',(-93.6238039637108,-81.5217100819509,27.8080368024039));
#2430=CARTESIAN_POINT('Origin',(-93.545197336144,-80.8792157459344,28.8773926955888));
#2431=CARTESIAN_POINT('',(-119.811677823738,-105.980116820032,44.4282549708857));
#2432=CARTESIAN_POINT('',(-92.7950737913975,-80.747709880984,27.2820805395828));
#2433=CARTESIAN_POINT('',(-120.561801368485,-106.111622684983,46.0235671268916));
#2434=CARTESIAN_POINT('Origin',(-119.733071196171,-105.337622484016,45.4976108640705));
#2435=CARTESIAN_POINT('',(-120.640407996051,-106.754117020999,44.9542112337067));
#2436=CARTESIAN_POINT('',(-119.488718534142,-104.540328107806,46.4617755046912));
#2437=CARTESIAN_POINT('',(-119.551603836195,-105.054323576619,45.6062907901433));
#2438=CARTESIAN_POINT('',(-118.888619698345,-104.435123415845,45.1855257798864));
#2439=CARTESIAN_POINT('Origin',(-118.825734396291,-103.921127947032,46.0410104944343));
#2440=CARTESIAN_POINT('',(-99.6620797006768,-86.4783187534122,32.9833404824371));
#2441=CARTESIAN_POINT('',(-93.6952224600212,-80.9055173064501,29.1964553901252));
#2442=CARTESIAN_POINT('',(-97.8474061009166,-83.6453296794454,34.0701397431648));
#2443=CARTESIAN_POINT('Origin',(-99.5048664455434,-85.1933300813791,35.1220522688069));
#2444=CARTESIAN_POINT('',(-97.7845207988633,-83.1313342106321,34.9256244577127));
#2445=CARTESIAN_POINT('',(-97.6273075437299,-81.846345538599,37.0643362440824));
#2446=CARTESIAN_POINT('',(-95.9698471991034,-80.2983451366652,36.0124237184403));
#2447=CARTESIAN_POINT('Origin',(-96.1270604542369,-81.5833338086981,33.8737119320704));
#2448=CARTESIAN_POINT('',(-94.9753709923275,-79.3695448955048,35.381276203055));
#2449=CARTESIAN_POINT('',(-93.3179106477009,-77.8215444935709,34.3293636774128));
#2450=CARTESIAN_POINT('',(-93.1606973925678,-76.5365558215376,36.4680754637824));
#2451=CARTESIAN_POINT('Origin',(-94.8181577371943,-78.0845562234715,37.5199879894246));
#2452=CARTESIAN_POINT('',(-89.9849896388742,-50.5797846464689,79.6700535484518));
#2453=CARTESIAN_POINT('',(-89.9221043368209,-50.0657891776556,80.5255382629997));
#2454=CARTESIAN_POINT('Origin',(-90.6479737767248,-51.1989848072424,80.0908185587087));
#2455=CARTESIAN_POINT('Origin',(-113.85681541517,-98.0482406416439,51.9369551903471));
#2456=CARTESIAN_POINT('',(-113.234141842549,-97.2657589345352,51.9369551903471));
#2457=CARTESIAN_POINT('Origin',(-113.85681541517,-98.0482406416439,51.9369551903471));
#2458=CARTESIAN_POINT('Origin',(-87.0524425165039,-61.9567177547224,69.9250260766894));
#2459=CARTESIAN_POINT('',(-85.5090641499066,-54.1415810305635,81.4810470701032));
#2460=CARTESIAN_POINT('',(-88.6847719036001,-80.0983522056322,38.2790689854338));
#2461=CARTESIAN_POINT('',(-86.3894583786533,-61.3375175939489,69.5042610664325));
#2462=CARTESIAN_POINT('',(-88.6017684599561,-81.3111850970883,39.0016662492993));
#2463=CARTESIAN_POINT('Origin',(-89.3477560414508,-80.7175523664058,38.6998339956907));
#2464=CARTESIAN_POINT('',(-86.3064549350093,-62.5503504854048,70.226858330298));
#2465=CARTESIAN_POINT('Origin',(-86.1720482877572,-54.760781191337,81.9018120803601));
#2466=CARTESIAN_POINT('Origin',(-89.1761167553263,-50.659421908338,80.8273705166083));
#2467=CARTESIAN_POINT('',(-89.2390020573796,-51.1734173771513,79.9718858020604));
#2468=CARTESIAN_POINT('',(-90.1767470665893,-78.9110867442674,37.6754044782167));
#2469=CARTESIAN_POINT('Origin',(-113.463742556612,-80.7097071109744,91.6924597504889));
#2470=CARTESIAN_POINT('',(-111.724575332,-81.7177146885543,92.0377394753149));
#2471=CARTESIAN_POINT('',(-115.454513239473,-78.7495510351421,90.528578207272));
#2472=CARTESIAN_POINT('',(-111.759182369118,-81.7939509724817,91.9733330599962));
#2473=CARTESIAN_POINT('Origin',(-111.971767393623,-81.8969725723394,92.2961242577061));
#2474=CARTESIAN_POINT('',(-115.489120276591,-78.8257873190695,90.4641717919534));
#2475=CARTESIAN_POINT('Ctrl Pts',(-111.724575332,-81.7177146885543,92.0377394753149));
#2476=CARTESIAN_POINT('Ctrl Pts',(-111.594042015826,-81.8215888693684,92.0905542486021));
#2477=CARTESIAN_POINT('Ctrl Pts',(-111.431303639776,-81.8950380247464,92.1224565330479));
#2478=CARTESIAN_POINT('Ctrl Pts',(-111.259032401231,-81.9286007448999,92.1289222073585));
#2479=CARTESIAN_POINT('Ctrl Pts',(-111.733340077597,-81.7413183013627,92.0129790805411));
#2480=CARTESIAN_POINT('Ctrl Pts',(-111.601705254688,-81.8460690255229,92.0662395318374));
#2481=CARTESIAN_POINT('Ctrl Pts',(-111.437387780606,-81.9198694859454,92.0983902505629));
#2482=CARTESIAN_POINT('Ctrl Pts',(-111.263820279381,-81.9529312068308,92.1050474882822));
#2483=CARTESIAN_POINT('Ctrl Pts',(-111.745010776941,-81.7670278339584,91.9912589920386));
#2484=CARTESIAN_POINT('Ctrl Pts',(-111.611659822273,-81.8731442001318,92.0452138033072));
#2485=CARTESIAN_POINT('Ctrl Pts',(-111.444959174878,-81.9476341776592,92.077691669008));
#2486=CARTESIAN_POINT('Ctrl Pts',(-111.269316508109,-81.9802776785502,92.0843920681163));
#2487=CARTESIAN_POINT('Ctrl Pts',(-111.759182369118,-81.7939509724817,91.9733330599963));
#2488=CARTESIAN_POINT('Ctrl Pts',(-111.623560255314,-81.9018746534589,92.0282067995383));
#2489=CARTESIAN_POINT('Ctrl Pts',(-111.453760995309,-81.9773813163059,92.0610699332798));
#2490=CARTESIAN_POINT('Ctrl Pts',(-111.275339737249,-82.0097378527723,92.0676374803432));
#2491=CARTESIAN_POINT('',(-111.259032401232,-81.9286007448998,92.1289222073585));
#2492=CARTESIAN_POINT('',(-111.295415338464,-82.005912852523,92.0667890920768));
#2493=CARTESIAN_POINT('Ctrl Pts',(-111.295413629795,-82.005908416949,92.0667860391436));
#2494=CARTESIAN_POINT('Ctrl Pts',(-111.287917152491,-81.9921637929685,92.075294016154));
#2495=CARTESIAN_POINT('Ctrl Pts',(-111.281057345097,-81.9787161847712,92.084797235187));
#2496=CARTESIAN_POINT('Ctrl Pts',(-111.274920217178,-81.9656765384458,92.0952761512797));
#2497=CARTESIAN_POINT('Ctrl Pts',(-111.268880209441,-81.9528432448078,92.1055892382968));
#2498=CARTESIAN_POINT('Ctrl Pts',(-111.263560896054,-81.9404488227589,92.1168121499723));
#2499=CARTESIAN_POINT('Ctrl Pts',(-111.259032401231,-81.9286007448999,92.1289222073585));
#2500=CARTESIAN_POINT('Ctrl Pts',(-111.295414276379,-82.0059082874991,92.0667860080851));
#2501=CARTESIAN_POINT('Ctrl Pts',(-111.466473078691,-81.9716612566714,92.0585692078167));
#2502=CARTESIAN_POINT('Ctrl Pts',(-111.628656225273,-81.8978194457892,92.0261449313047));
#2503=CARTESIAN_POINT('Ctrl Pts',(-111.759182369118,-81.7939509724817,91.9733330599963));
#2504=CARTESIAN_POINT('Ctrl Pts',(-111.724575332,-81.7177146885543,92.0377394753149));
#2505=CARTESIAN_POINT('Ctrl Pts',(-111.594042015826,-81.8215888693684,92.0905542486021));
#2506=CARTESIAN_POINT('Ctrl Pts',(-111.431303639776,-81.8950380247464,92.1224565330479));
#2507=CARTESIAN_POINT('Ctrl Pts',(-111.259032401231,-81.9286007448999,92.1289222073585));
#2508=CARTESIAN_POINT('Origin',(-110.179624946854,-80.5973529148976,90.4228345853697));
#2509=CARTESIAN_POINT('',(-111.375268468568,-82.3592125906564,91.5692914154653));
#2510=CARTESIAN_POINT('Origin',(-109.806631156107,-80.8941692802388,90.573750712174));
#2511=CARTESIAN_POINT('',(-110.022411691721,-79.3123642428644,92.5615463717395));
#2512=CARTESIAN_POINT('Origin',(-110.179624946854,-80.5973529148976,90.4228345853697));
#2513=CARTESIAN_POINT('',(-109.33930941228,-80.4199924423601,92.0078939108001));
#2514=CARTESIAN_POINT('Origin',(-110.085296993774,-79.8263597116777,91.7060616571916));
#2515=CARTESIAN_POINT('',(-110.428113572136,-82.1197858867403,91.3558143543636));
#2516=CARTESIAN_POINT('Origin',(-109.43363736536,-81.19098564558,90.7246668389783));
#2517=CARTESIAN_POINT('Origin',(-111.17410115363,-81.526153156058,91.0539821007551));
#2518=CARTESIAN_POINT('Origin',(-111.671600109844,-79.4100874535327,89.8191700781526));
#2519=CARTESIAN_POINT('',(-111.51438685471,-78.1250987814996,91.9578818645223));
#2520=CARTESIAN_POINT('Origin',(-113.038572507602,-80.5036639112591,91.0468773550693));
#2521=CARTESIAN_POINT('',(-111.811790999753,-81.9386094369333,91.8188478663892));
#2522=CARTESIAN_POINT('Origin',(-111.546597344613,-81.690929372624,91.6505418622865));
#2523=CARTESIAN_POINT('',(-113.303766162742,-80.7513439755685,91.2151833591721));
#2524=CARTESIAN_POINT('Ctrl Pts',(-111.2953283222,-82.0049265658057,92.0673279371566));
#2525=CARTESIAN_POINT('Ctrl Pts',(-111.466084858779,-81.971457201463,92.058796798134));
#2526=CARTESIAN_POINT('Ctrl Pts',(-111.629223183005,-81.8973682792079,92.0259155358908));
#2527=CARTESIAN_POINT('Ctrl Pts',(-111.759182369118,-81.7939509724817,91.9733330599963));
#2528=CARTESIAN_POINT('Ctrl Pts',(-111.300759916687,-82.066385872838,92.0338620983067));
#2529=CARTESIAN_POINT('Ctrl Pts',(-111.480187896441,-82.0348917363819,92.0253719721848));
#2530=CARTESIAN_POINT('Ctrl Pts',(-111.652408083817,-81.9585635411896,91.9911153412758));
#2531=CARTESIAN_POINT('Ctrl Pts',(-111.788729082778,-81.850083710064,91.9359588274797));
#2532=CARTESIAN_POINT('Ctrl Pts',(-111.303638318665,-82.1189904452659,91.9839062996181));
#2533=CARTESIAN_POINT('Ctrl Pts',(-111.488779339982,-82.0897182167866,91.9742691775836));
#2534=CARTESIAN_POINT('Ctrl Pts',(-111.666853115193,-82.012418715222,91.9386030747009));
#2535=CARTESIAN_POINT('Ctrl Pts',(-111.807161033026,-81.9007662233238,91.8818334231827));
#2536=CARTESIAN_POINT('Ctrl Pts',(-111.303580600427,-82.1557420429488,91.9241064020777));
#2537=CARTESIAN_POINT('Ctrl Pts',(-111.490689468812,-82.1281843399812,91.9127219638089));
#2538=CARTESIAN_POINT('Ctrl Pts',(-111.67045374788,-82.0510810394875,91.876033994295));
#2539=CARTESIAN_POINT('Ctrl Pts',(-111.811790999753,-81.9386094369335,91.8188478663893));
#2540=CARTESIAN_POINT('',(-111.349428012654,-82.1480045174403,91.9208222883176));
#2541=CARTESIAN_POINT('Ctrl Pts',(-111.349384749135,-82.1479826017198,91.9208030098055));
#2542=CARTESIAN_POINT('Ctrl Pts',(-111.348186454976,-82.1381657266143,91.9371454261455));
#2543=CARTESIAN_POINT('Ctrl Pts',(-111.345958721974,-82.1274044779093,91.9527136840109));
#2544=CARTESIAN_POINT('Ctrl Pts',(-111.342734759532,-82.1158477252282,91.9674304179054));
#2545=CARTESIAN_POINT('Ctrl Pts',(-111.339421537933,-82.1039710103848,91.9825546017238));
#2546=CARTESIAN_POINT('Ctrl Pts',(-111.335055977937,-82.091253690565,91.9967798193144));
#2547=CARTESIAN_POINT('Ctrl Pts',(-111.32970672794,-82.0778158219438,92.0100076186763));
#2548=CARTESIAN_POINT('Ctrl Pts',(-111.328489834034,-82.0747588587352,92.0130167935031));
#2549=CARTESIAN_POINT('Ctrl Pts',(-111.32722217037,-82.0716644574493,92.015974281275));
#2550=CARTESIAN_POINT('Ctrl Pts',(-111.325904790353,-82.0685337835752,92.0188787964277));
#2551=CARTESIAN_POINT('Ctrl Pts',(-111.320191885229,-82.0549574103248,92.0314744175018));
#2552=CARTESIAN_POINT('Ctrl Pts',(-111.313599744392,-82.0408485625915,92.0429402093128));
#2553=CARTESIAN_POINT('Ctrl Pts',(-111.306197737405,-82.0263260055158,92.0532427260446));
#2554=CARTESIAN_POINT('Ctrl Pts',(-111.302773566205,-82.0196078651836,92.0580086741361));
#2555=CARTESIAN_POINT('Ctrl Pts',(-111.299176458279,-82.0128005411856,92.0625255159431));
#2556=CARTESIAN_POINT('Ctrl Pts',(-111.295415333122,-82.0059128295056,92.0667890647979));
#2557=CARTESIAN_POINT('Ctrl Pts',(-111.349420550291,-82.1479757419981,91.920800021852));
#2558=CARTESIAN_POINT('Ctrl Pts',(-111.519897502153,-82.115308343016,91.906570549582));
#2559=CARTESIAN_POINT('Ctrl Pts',(-111.682037430553,-82.0418631203871,91.8713471481158));
#2560=CARTESIAN_POINT('Ctrl Pts',(-111.811790999753,-81.9386094369335,91.8188478663893));
#2561=CARTESIAN_POINT('Origin',(-118.805616254701,-105.647956307301,45.9081230437519));
#2562=CARTESIAN_POINT('',(-115.012793045175,-108.1021244919,48.2727690263426));
#2563=CARTESIAN_POINT('',(-114.132398816428,-100.906187928515,60.2495550300133));
#2564=CARTESIAN_POINT('',(-118.742730952648,-105.133960838488,46.7636077582998));
#2565=CARTESIAN_POINT('Origin',(-113.469414678577,-100.286987767741,59.8287900197564));
#2566=CARTESIAN_POINT('',(-112.40344315714,-90.7630385057529,77.5821163326071));
#2567=CARTESIAN_POINT('',(-113.603821325829,-108.076557061809,48.1538362696943));
#2568=CARTESIAN_POINT('',(-112.723427097083,-100.880620498424,60.130622273365));
#2569=CARTESIAN_POINT('Origin',(-114.349808907324,-107.482924331127,47.8520040160857));
#2570=CARTESIAN_POINT('Origin',(-112.417692261175,-83.0368728686044,92.8128758176577));
#2571=CARTESIAN_POINT('Origin',(-110.126877507697,-101.016404295056,53.4461164583899));
#2572=CARTESIAN_POINT('',(-109.504203935077,-100.233922587947,53.4461164583899));
#2573=CARTESIAN_POINT('',(-109.504203935077,-100.233922587947,53.4461164583899));
#2574=CARTESIAN_POINT('Origin',(-110.126877507697,-101.016404295056,53.4461164583899));
#2575=CARTESIAN_POINT('Origin',(-108.817693192081,-95.2422667914019,61.5667919097002));
#2576=CARTESIAN_POINT('',(-109.315961886557,-99.2171092447452,54.9807021279821));
#2577=CARTESIAN_POINT('',(-109.315961886557,-99.2171092447452,54.9807021279821));
#2578=CARTESIAN_POINT('',(-108.817693192081,-95.2422667914019,61.5667919097001));
#2579=CARTESIAN_POINT('',(-108.473110996575,-92.4934287557198,66.1214615125611));
#2580=CARTESIAN_POINT('',(-108.817693192081,-95.2422667914019,61.5667919097001));
#2581=CARTESIAN_POINT('Origin',(-108.486281508076,-94.933343311499,61.3552773650486));
#2582=CARTESIAN_POINT('',(-108.486281508076,-94.933343311499,61.3552773650486));
#2583=CARTESIAN_POINT('',(-104.345192997372,-91.0732516639939,58.7123396142774));
#2584=CARTESIAN_POINT('',(-108.486281508076,-94.933343311499,61.3552773650486));
#2585=CARTESIAN_POINT('Origin',(-108.964719941184,-98.749997701063,55.0312950373847));
#2586=CARTESIAN_POINT('',(-108.964719941184,-98.749997701063,55.0312950373847));
#2587=CARTESIAN_POINT('',(-108.380918989319,-94.0928332439937,62.7479554203793));
#2588=CARTESIAN_POINT('',(-108.964719941184,-98.749997701063,55.0312950373847));
#2589=CARTESIAN_POINT('Origin',(-110.126877507697,-101.016404295056,53.4461164583899));
#2590=CARTESIAN_POINT('',(-110.953170486953,-100.603518522011,56.3003734167285));
#2591=CARTESIAN_POINT('Origin',(-110.126877507697,-101.016404295056,53.4461164583899));
#2592=CARTESIAN_POINT('',(-110.953170486953,-100.603518522011,56.3003734167285));
#2593=CARTESIAN_POINT('Origin',(-110.126877507697,-101.016404295056,53.4461164583899));
#2594=CARTESIAN_POINT('',(-110.641589646395,-100.452785688097,55.8267477780543));
#2595=CARTESIAN_POINT('',(-110.641589646395,-100.452785688097,55.8267477780543));
#2596=CARTESIAN_POINT('Origin',(-110.126877507697,-101.016404295056,53.4461164583899));
#2597=CARTESIAN_POINT('Origin',(-110.474732313221,-96.7868662015733,62.6243523159665));
#2598=CARTESIAN_POINT('',(-110.474732313221,-96.7868662015733,62.6243523159665));
#2599=CARTESIAN_POINT('',(-110.13015057791,-94.0380289392861,67.1790215351291));
#2600=CARTESIAN_POINT('',(-110.474732313221,-96.7868662015733,62.6243523159665));
#2601=CARTESIAN_POINT('Origin',(-110.143324488988,-96.4779463195339,62.4128402347097));
#2602=CARTESIAN_POINT('',(-110.143324488988,-96.4779463195339,62.4128402347097));
#2603=CARTESIAN_POINT('',(-105.173714487828,-91.8455531680114,59.241121049108));
#2604=CARTESIAN_POINT('',(-110.143324488988,-96.4779463195339,62.4128402347097));
#2605=CARTESIAN_POINT('Origin',(-110.641589646395,-100.452785688097,55.8267477780543));
#2606=CARTESIAN_POINT('',(-110.047877669936,-95.716532906754,63.6744608108686));
#2607=CARTESIAN_POINT('Origin',(-99.0145702292008,-89.6250017161441,48.3859090285078));
#2608=CARTESIAN_POINT('',(-98.1054668131745,-88.4825784237654,48.3859090285078));
#2609=CARTESIAN_POINT('Origin',(-99.0145702292008,-89.6250017161441,48.3859090285078));
#2610=CARTESIAN_POINT('',(-98.1054668131745,-88.4825784237654,48.3859090285078));
#2611=CARTESIAN_POINT('Origin',(-102.329490918454,-92.7210025200119,50.4897340797921));
#2612=CARTESIAN_POINT('',(-101.420387502428,-91.5785792276332,50.4897340797921));
#2613=CARTESIAN_POINT('Origin',(-102.329490918454,-92.7210025200119,50.4897340797921));
#2614=CARTESIAN_POINT('',(-101.420387502428,-91.5785792276332,50.4897340797921));
#2615=CARTESIAN_POINT('Origin',(-105.644411607707,-95.8170033238797,52.5935591310765));
#2616=CARTESIAN_POINT('',(-104.735308191681,-94.674580031501,52.5935591310765));
#2617=CARTESIAN_POINT('Origin',(-105.644411607707,-95.8170033238797,52.5935591310765));
#2618=CARTESIAN_POINT('',(-104.735308191681,-94.674580031501,52.5935591310765));
#2619=CARTESIAN_POINT('Origin',(-89.9019861952303,-51.7926175379248,80.3926508123172));
#2620=CARTESIAN_POINT('Origin',(-86.1720482877572,-54.760781191337,81.9018120803601));
#2621=CARTESIAN_POINT('Origin',(-105.492916238505,-73.48857905699,92.8207703059876));
#2622=CARTESIAN_POINT('',(-105.741404863787,-75.0110120288328,93.7537500749814));
#2623=CARTESIAN_POINT('',(-107.150376583132,-75.0365794589239,93.8726828316297));
#2624=CARTESIAN_POINT('Origin',(-106.487392445281,-74.4173792981504,93.4519178213729));
#2625=CARTESIAN_POINT('Origin',(-105.492916238505,-73.48857905699,92.8207703059876));
#2626=CARTESIAN_POINT('Origin',(-104.746928657011,-74.0822117876724,93.1226025595961));
#2627=CARTESIAN_POINT('Origin',(-107.273458720948,-80.8423226583159,82.758358889524));
#2628=CARTESIAN_POINT('',(-105.80429016584,-75.525007497646,92.8982653604334));
#2629=CARTESIAN_POINT('',(-107.213261885185,-75.5505749277372,93.0171981170818));
#2630=CARTESIAN_POINT('Origin',(-106.550277747335,-74.9313747669636,92.5964331068249));
#2631=CARTESIAN_POINT('',(-107.936442858799,-81.4615228190895,83.1791238997809));
#2632=CARTESIAN_POINT('',(-106.527471139453,-81.4359553889983,83.0601911431326));
#2633=CARTESIAN_POINT('Origin',(-108.870722229812,-77.098575329671,94.069110642724));
#2634=CARTESIAN_POINT('',(-108.344833205504,-79.4911922011998,91.3767463954149));
#2635=CARTESIAN_POINT('',(-109.027935484945,-78.3835640017042,91.9303988563542));
#2636=CARTESIAN_POINT('Origin',(-109.090820786999,-78.8975594705174,91.0749141418063));
#2637=CARTESIAN_POINT('Origin',(-108.870722229812,-77.098575329671,94.069110642724));
#2638=CARTESIAN_POINT('Origin',(-108.124734648317,-77.6922080603535,94.3709428963325));
#2639=CARTESIAN_POINT('Origin',(-103.123963546343,-73.3247580235554,87.2880290494943));
#2640=CARTESIAN_POINT('',(-103.061078244289,-72.8107625547421,88.1435137640423));
#2641=CARTESIAN_POINT('',(-102.377975964848,-73.9183907542378,87.5898613031029));
#2642=CARTESIAN_POINT('Origin',(-86.1720482877572,-54.760781191337,81.9018120803601));
#2643=CARTESIAN_POINT('Origin',(-118.079746814797,-104.514760677715,46.3428427480429));
#2644=CARTESIAN_POINT('',(-114.412694209377,-107.99691979994,46.9965193015378));
#2645=CARTESIAN_POINT('Origin',(-114.349808907324,-107.482924331127,47.8520040160857));
#2646=CARTESIAN_POINT('',(-118.14263211685,-105.028756146528,45.487358033495));
#2647=CARTESIAN_POINT('Origin',(-114.349808907324,-107.482924331127,47.8520040160857));
#2648=CARTESIAN_POINT('Origin',(-114.349808907324,-107.482924331127,47.8520040160857));
#2649=CARTESIAN_POINT('Origin',(-106.984891401494,-72.3013135956252,92.2171057987704));
#2650=CARTESIAN_POINT('',(-108.642351746121,-73.8493139975591,93.2690183244126));
#2651=CARTESIAN_POINT('Origin',(-106.247175746504,-74.3452235175732,96.313226871608));
#2652=CARTESIAN_POINT('',(-106.467274303691,-76.1442076584196,93.3190303706903));
#2653=CARTESIAN_POINT('Origin',(-108.124734648317,-77.6922080603535,94.3709428963325));
#2654=CARTESIAN_POINT('',(-108.281947903451,-78.9771967323866,92.2322311099628));
#2655=CARTESIAN_POINT('Origin',(-106.624487558824,-77.4291963304527,91.1803185843206));
#2656=CARTESIAN_POINT('Origin',(-92.7992097546495,-81.4728484766168,29.1792249491973));
#2657=CARTESIAN_POINT('',(-87.3080571979951,-84.4090528424149,30.5397202714297));
#2658=CARTESIAN_POINT('',(-91.9704795823362,-80.6988482756499,28.6532686863762));
#2659=CARTESIAN_POINT('',(-88.215393997875,-85.8255473793984,29.9963206410659));
#2660=CARTESIAN_POINT('Origin',(-88.1367873703084,-85.1830530433819,31.0656765342508));
#2661=CARTESIAN_POINT('',(-92.8778163822162,-82.1153428126334,28.1098690560124));
#2662=CARTESIAN_POINT('Origin',(-88.1367873703084,-85.1830530433819,31.0656765342508));
#2663=CARTESIAN_POINT('Origin',(-88.1367873703084,-85.1830530433819,31.0656765342508));
#2664=CARTESIAN_POINT('Origin',(-88.1367873703084,-85.1830530433819,31.0656765342508));
#2665=CARTESIAN_POINT('Origin',(-87.2249504757762,-77.7301186249586,43.470205095972));
#2666=CARTESIAN_POINT('',(-83.5034963647331,-53.3123264966886,82.2965463046842));
#2667=CARTESIAN_POINT('',(-86.3962203034629,-76.9561184239916,42.9442488331509));
#2668=CARTESIAN_POINT('Origin',(-84.3322265370463,-54.0863266976556,82.8225025675053));
#2669=CARTESIAN_POINT('Origin',(-92.0490862099029,-81.3413426116664,27.5839127931914));
#2670=CARTESIAN_POINT('',(-88.1659187490742,-49.6021219299235,80.4100947196308));
#2671=CARTESIAN_POINT('Origin',(-95.6205070130437,-89.9905197892738,35.9653924763291));
#2672=CARTESIAN_POINT('',(-94.3772813281612,-90.1197523993761,35.951650972245));
#2673=CARTESIAN_POINT('',(-94.8745194315491,-90.5841525199562,36.2672247299377));
#2674=CARTESIAN_POINT('',(-95.1861542117091,-90.0401151375069,34.7943340040885));
#2675=CARTESIAN_POINT('Origin',(-95.1232689096558,-89.5261196686936,35.6498187186365));
#2676=CARTESIAN_POINT('',(-95.6833923150971,-90.504515258087,35.1099077617812));
#2677=CARTESIAN_POINT('Origin',(-95.0289409565758,-88.7551264654737,36.9330457904583));
#2678=CARTESIAN_POINT('',(-93.2884771683052,-88.4199589549958,36.6037305286816));
#2679=CARTESIAN_POINT('',(-93.3714806119492,-87.2071260635398,35.8811332648161));
#2680=CARTESIAN_POINT('Origin',(-94.0344647497999,-87.8263262243134,36.301898275073));
#2681=CARTESIAN_POINT('Origin',(-95.0289409565758,-88.7551264654737,36.9330457904583));
#2682=CARTESIAN_POINT('Origin',(-94.2829533750812,-89.3487591961562,37.2348780440669));
#2683=CARTESIAN_POINT('Origin',(-93.2483984741331,-81.4013828641479,46.9954572069218));
#2684=CARTESIAN_POINT('',(-93.2255918662519,-87.9059634861826,37.4592152432295));
#2685=CARTESIAN_POINT('',(-93.3085953098959,-86.6931305947267,36.736617979364));
#2686=CARTESIAN_POINT('Origin',(-93.9715794477465,-87.3123307555002,37.1573829896209));
#2687=CARTESIAN_POINT('',(-92.5854143362824,-80.7821827033743,46.5746921966649));
#2688=CARTESIAN_POINT('',(-92.5024108926385,-81.9950155948303,47.2972894605303));
#2689=CARTESIAN_POINT('Origin',(-91.6511349652693,-85.1451301927928,35.6847054537218));
#2690=CARTESIAN_POINT('',(-90.685048826588,-83.9397787826288,38.9807342082481));
#2691=CARTESIAN_POINT('',(-91.493921710136,-83.8601415207597,37.8234172400916));
#2692=CARTESIAN_POINT('Origin',(-91.4310364080826,-83.3461460519464,38.6789019546395));
#2693=CARTESIAN_POINT('Origin',(-91.6511349652693,-85.1451301927928,35.6847054537218));
#2694=CARTESIAN_POINT('Origin',(-90.9051473837747,-85.7387629234752,35.9865377073304));
#2695=CARTESIAN_POINT('Origin',(-97.3978936487382,-88.9189474989084,42.4657870469513));
#2696=CARTESIAN_POINT('',(-89.6905726198121,-83.0109785414685,38.3495866928628));
#2697=CARTESIAN_POINT('',(-90.49944550336,-82.9313412795993,37.1922697247063));
#2698=CARTESIAN_POINT('Origin',(-90.4365602013066,-82.4173458107861,38.0477544392542));
#2699=CARTESIAN_POINT('',(-97.4607789507915,-89.4329429677216,41.6103023324034));
#2700=CARTESIAN_POINT('',(-96.6519060672437,-89.5125802295908,42.7676193005599));
#2701=CARTESIAN_POINT('Origin',(-90.3422322482267,-81.6463526075661,39.330981511076));
#2702=CARTESIAN_POINT('Origin',(-90.3422322482267,-81.6463526075661,39.330981511076));
#2703=CARTESIAN_POINT('Origin',(-89.5962446667321,-82.2399853382486,39.6328137646846));
#2704=CARTESIAN_POINT('Origin',(-99.514941016046,-81.7154854919143,65.1787403018315));
#2705=CARTESIAN_POINT('Origin',(-91.8342074112159,-80.4590871462013,38.7273170038589));
#2706=CARTESIAN_POINT('',(-91.9914206663493,-81.7440758182344,36.5886052174891));
#2707=CARTESIAN_POINT('Origin',(-92.4053944732679,-86.0017746533759,39.1771620193423));
#2708=CARTESIAN_POINT('',(-90.7479341286414,-84.4537742514421,38.1252494937002));
#2709=CARTESIAN_POINT('Origin',(-96.5209161195651,-87.5678610041088,36.3293812832411));
#2710=CARTESIAN_POINT('',(-94.8634557749385,-86.0198606021749,35.277468757599));
#2711=CARTESIAN_POINT('',(-98.9160921191822,-87.0719514840946,33.2851727360457));
#2712=CARTESIAN_POINT('Origin',(-92.782706285588,-89.0857474662554,34.0442537320549));
#2713=CARTESIAN_POINT('',(-92.5626077284013,-87.2867633254091,37.0384502329726));
#2714=CARTESIAN_POINT('Origin',(-90.9051473837747,-85.7387629234752,35.9865377073304));
#2715=CARTESIAN_POINT('Origin',(-114.324661230336,-109.641459781463,47.6858947027325));
#2716=CARTESIAN_POINT('',(-115.153391402649,-110.41545998243,48.2118509655536));
#2717=CARTESIAN_POINT('Origin',(-114.324661230336,-109.641459781463,47.6858947027325));
#2718=CARTESIAN_POINT('',(-114.403267857902,-110.28395411748,46.6165388095477));
#2719=CARTESIAN_POINT('Origin',(-114.324661230336,-109.641459781463,47.6858947027325));
#2720=CARTESIAN_POINT('Origin',(-114.324661230336,-109.641459781463,47.6858947027326));
#2721=CARTESIAN_POINT('Origin',(-118.987083614677,-105.931255214698,45.7994431176791));
#2722=CARTESIAN_POINT('',(-119.065690242244,-106.573749550715,44.7300872244942));
#2723=CARTESIAN_POINT('',(-119.81581378699,-106.705255415665,46.3253993805002));
#2724=CARTESIAN_POINT('Origin',(-110.520100397074,-78.5447334357368,99.4427207359871));
#2725=CARTESIAN_POINT('Origin',(-110.520100397074,-78.5447334357368,99.4427207359871));
#2726=CARTESIAN_POINT('',(-110.988937721262,-78.5447334357368,100.601466421394));
#2727=CARTESIAN_POINT('Origin',(-110.520100397074,-78.5447334357368,99.4427207359871));
#2728=CARTESIAN_POINT('',(-110.520100397074,-78.5447334357368,100.692720735987));
#2729=CARTESIAN_POINT('Origin',(-110.520100397074,-78.5447334357368,99.4427207359871));
#2730=CARTESIAN_POINT('',(-111.348830569387,-79.3187336367038,99.9686769988082));
#2731=CARTESIAN_POINT('Origin',(-110.520100397074,-78.5447334357368,99.4427207359871));
#2732=CARTESIAN_POINT('Origin',(-110.520100397074,-78.5447334357368,99.4427207359871));
#2733=CARTESIAN_POINT('Origin',(-115.182522781415,-74.8345288689718,97.5562691509336));
#2734=CARTESIAN_POINT('',(-116.011252953728,-75.6085290699387,98.0822254137547));
#2735=CARTESIAN_POINT('Origin',(-111.431937291606,-85.9976678541601,87.0381921742659));
#2736=CARTESIAN_POINT('',(-112.260667463919,-86.7716680551271,87.564148437087));
#2737=CARTESIAN_POINT('Origin',(-84.3322265370463,-54.0863266976556,82.8225025675053));
#2738=CARTESIAN_POINT('Origin',(-84.3322265370463,-54.0863266976556,82.8225025675053));
#2739=CARTESIAN_POINT('Origin',(-84.3322265370463,-54.0863266976556,82.8225025675053));
#2740=CARTESIAN_POINT('Origin',(-88.9946489213875,-50.3761221308905,80.9360509824519));
#2741=CARTESIAN_POINT('Origin',(-90.4648299158965,-59.8139282816924,86.7145789782152));
#2742=CARTESIAN_POINT('Origin',(-108.192057851486,-103.913858197426,43.7938182920227));
#2743=CARTESIAN_POINT('',(-108.270664479052,-104.556352533443,42.7244623988378));
#2744=CARTESIAN_POINT('Origin',(-92.9492348785266,-81.4991500371325,29.4982876437338));
#2745=CARTESIAN_POINT('Origin',(-119.894420414557,-107.347749751682,45.2560434873153));
#2746=CARTESIAN_POINT('Origin',(-115.932646326161,-74.9660347339222,99.1515813069396));
#2747=UNCERTAINTY_MEASURE_WITH_UNIT(LENGTH_MEASURE(0.01),#2751,
'DISTANCE_ACCURACY_VALUE',
'Maximum model space distance between geometric entities at asserted c
onnectivities');
#2748=UNCERTAINTY_MEASURE_WITH_UNIT(LENGTH_MEASURE(0.01),#2751,
'DISTANCE_ACCURACY_VALUE',
'Maximum model space distance between geometric entities at asserted c
onnectivities');
#2749=(
GEOMETRIC_REPRESENTATION_CONTEXT(3)
GLOBAL_UNCERTAINTY_ASSIGNED_CONTEXT((#2747))
GLOBAL_UNIT_ASSIGNED_CONTEXT((#2751,#2753,#2754))
REPRESENTATION_CONTEXT('','3D')
);
#2750=(
GEOMETRIC_REPRESENTATION_CONTEXT(3)
GLOBAL_UNCERTAINTY_ASSIGNED_CONTEXT((#2748))
GLOBAL_UNIT_ASSIGNED_CONTEXT((#2751,#2753,#2754))
REPRESENTATION_CONTEXT('','3D')
);
#2751=(
LENGTH_UNIT()
NAMED_UNIT(*)
SI_UNIT(.MILLI.,.METRE.)
);
#2752=(
LENGTH_UNIT()
NAMED_UNIT(*)
SI_UNIT($,.METRE.)
);
#2753=(
NAMED_UNIT(*)
PLANE_ANGLE_UNIT()
SI_UNIT($,.RADIAN.)
);
#2754=(
NAMED_UNIT(*)
SI_UNIT($,.STERADIAN.)
SOLID_ANGLE_UNIT()
);
#2755=SHAPE_DEFINITION_REPRESENTATION(#2756,#2757);
#2756=PRODUCT_DEFINITION_SHAPE('',$,#2759);
#2757=SHAPE_REPRESENTATION('',(#1558),#2749);
#2758=PRODUCT_DEFINITION_CONTEXT('part definition',#2763,'design');
#2759=PRODUCT_DEFINITION('Top StimulHeat','Top StimulHeat v3',#2760,#2758);
#2760=PRODUCT_DEFINITION_FORMATION('',$,#2765);
#2761=PRODUCT_RELATED_PRODUCT_CATEGORY('Top StimulHeat v3',
'Top StimulHeat v3',(#2765));
#2762=APPLICATION_PROTOCOL_DEFINITION('international standard',
'automotive_design',2009,#2763);
#2763=APPLICATION_CONTEXT(
'Core Data for Automotive Mechanical Design Process');
#2764=PRODUCT_CONTEXT('part definition',#2763,'mechanical');
#2765=PRODUCT('Top StimulHeat','Top StimulHeat v3',$,(#2764));
#2766=PRESENTATION_STYLE_ASSIGNMENT((#2767));
#2767=SURFACE_STYLE_USAGE(.BOTH.,#2768);
#2768=SURFACE_SIDE_STYLE('',(#2769));
#2769=SURFACE_STYLE_FILL_AREA(#2770);
#2770=FILL_AREA_STYLE('Acier - Satin\X\E9',(#2771));
#2771=FILL_AREA_STYLE_COLOUR('Acier - Satin\X\E9',#2772);
#2772=COLOUR_RGB('Acier - Satin\X\E9',0.627450980392157,0.627450980392157,
0.627450980392157);
ENDSEC;
END-ISO-10303-21;
