ISO-10303-21;
HEADER;
/* Generated by software containing ST-Developer
 * from STEP Tools, Inc. (www.steptools.com) 
 */

FILE_DESCRIPTION(
/* description */ (''),
/* implementation_level */ '2;1');

FILE_NAME(
/* name */ 'StimulHeat_Valve_Index_Cache Peltier v2.step',
/* time_stamp */ '2026-07-15T14:43:17+02:00',
/* author */ (''),
/* organization */ (''),
/* preprocessor_version */ 'ST-DEVELOPER v20.1',
/* originating_system */ 'Autodesk Translation Framework v15.8.0.0',
/* authorisation */ '');

FILE_SCHEMA (('AUTOMOTIVE_DESIGN { 1 0 10303 214 3 1 1 }'));
ENDSEC;

DATA;
#10=MECHANICAL_DESIGN_GEOMETRIC_PRESENTATION_REPRESENTATION('',(#13),#1665);
#11=SHAPE_REPRESENTATION_RELATIONSHIP('SRR','None',#1672,#12);
#12=ADVANCED_BREP_SHAPE_REPRESENTATION('',(#14),#1664);
#13=STYLED_ITEM('',(#1681),#14);
#14=MANIFOLD_SOLID_BREP('Cache Peltier',#500);
#15=PLANE('',#522);
#16=PLANE('',#525);
#17=PLANE('',#537);
#18=PLANE('',#544);
#19=PLANE('',#547);
#20=PLANE('',#548);
#21=LINE('',#855,#40);
#22=LINE('',#858,#41);
#23=LINE('',#941,#42);
#24=LINE('',#944,#43);
#25=LINE('',#947,#44);
#26=LINE('',#949,#45);
#27=LINE('',#958,#46);
#28=LINE('',#966,#47);
#29=LINE('',#970,#48);
#30=LINE('',#974,#49);
#31=LINE('',#1075,#50);
#32=LINE('',#1133,#51);
#33=LINE('',#1134,#52);
#34=LINE('',#1270,#53);
#35=LINE('',#1315,#54);
#36=LINE('',#1621,#55);
#37=LINE('',#1622,#56);
#38=LINE('',#1657,#57);
#39=LINE('',#1659,#58);
#40=VECTOR('',#561,10.);
#41=VECTOR('',#564,10.);
#42=VECTOR('',#567,10.);
#43=VECTOR('',#570,10.);
#44=VECTOR('',#573,10.);
#45=VECTOR('',#574,10.);
#46=VECTOR('',#581,10.);
#47=VECTOR('',#588,10.);
#48=VECTOR('',#591,10.);
#49=VECTOR('',#594,10.);
#50=VECTOR('',#603,10.);
#51=VECTOR('',#606,10.);
#52=VECTOR('',#607,10.);
#53=VECTOR('',#612,10.);
#54=VECTOR('',#615,10.);
#55=VECTOR('',#626,10.);
#56=VECTOR('',#627,10.);
#57=VECTOR('',#632,10.);
#58=VECTOR('',#635,10.);
#59=CYLINDRICAL_SURFACE('',#518,0.25);
#60=CYLINDRICAL_SURFACE('',#520,0.25);
#61=CYLINDRICAL_SURFACE('',#523,3.2433318487744);
#62=CYLINDRICAL_SURFACE('',#534,0.25);
#63=CYLINDRICAL_SURFACE('',#535,0.25);
#64=CYLINDRICAL_SURFACE('',#538,0.25);
#65=CYLINDRICAL_SURFACE('',#543,0.25);
#66=CYLINDRICAL_SURFACE('',#545,3.14816758276587);
#67=CYLINDRICAL_SURFACE('',#546,0.4);
#68=FACE_OUTER_BOUND('',#101,.T.);
#69=FACE_OUTER_BOUND('',#102,.T.);
#70=FACE_OUTER_BOUND('',#103,.T.);
#71=FACE_OUTER_BOUND('',#104,.T.);
#72=FACE_OUTER_BOUND('',#105,.T.);
#73=FACE_OUTER_BOUND('',#106,.T.);
#74=FACE_OUTER_BOUND('',#107,.T.);
#75=FACE_OUTER_BOUND('',#108,.T.);
#76=FACE_OUTER_BOUND('',#109,.T.);
#77=FACE_OUTER_BOUND('',#110,.T.);
#78=FACE_OUTER_BOUND('',#111,.T.);
#79=FACE_OUTER_BOUND('',#112,.T.);
#80=FACE_OUTER_BOUND('',#113,.T.);
#81=FACE_OUTER_BOUND('',#114,.T.);
#82=FACE_OUTER_BOUND('',#115,.T.);
#83=FACE_OUTER_BOUND('',#116,.T.);
#84=FACE_OUTER_BOUND('',#117,.T.);
#85=FACE_OUTER_BOUND('',#118,.T.);
#86=FACE_OUTER_BOUND('',#119,.T.);
#87=FACE_OUTER_BOUND('',#120,.T.);
#88=FACE_OUTER_BOUND('',#121,.T.);
#89=FACE_OUTER_BOUND('',#122,.T.);
#90=FACE_OUTER_BOUND('',#123,.T.);
#91=FACE_OUTER_BOUND('',#124,.T.);
#92=FACE_OUTER_BOUND('',#125,.T.);
#93=FACE_OUTER_BOUND('',#126,.T.);
#94=FACE_OUTER_BOUND('',#127,.T.);
#95=FACE_OUTER_BOUND('',#128,.T.);
#96=FACE_OUTER_BOUND('',#129,.T.);
#97=FACE_OUTER_BOUND('',#130,.T.);
#98=FACE_OUTER_BOUND('',#131,.T.);
#99=FACE_OUTER_BOUND('',#132,.T.);
#100=FACE_OUTER_BOUND('',#133,.T.);
#101=EDGE_LOOP('',(#303,#304,#305,#306));
#102=EDGE_LOOP('',(#307,#308,#309));
#103=EDGE_LOOP('',(#310,#311,#312,#313));
#104=EDGE_LOOP('',(#314,#315,#316));
#105=EDGE_LOOP('',(#317,#318,#319,#320));
#106=EDGE_LOOP('',(#321,#322,#323,#324,#325,#326));
#107=EDGE_LOOP('',(#327,#328,#329,#330));
#108=EDGE_LOOP('',(#331,#332,#333,#334,#335));
#109=EDGE_LOOP('',(#336,#337,#338,#339));
#110=EDGE_LOOP('',(#340,#341,#342,#343,#344,#345,#346,#347,#348,#349,#350,
#351,#352,#353));
#111=EDGE_LOOP('',(#354,#355,#356));
#112=EDGE_LOOP('',(#357,#358,#359));
#113=EDGE_LOOP('',(#360,#361,#362,#363));
#114=EDGE_LOOP('',(#364,#365,#366,#367));
#115=EDGE_LOOP('',(#368,#369,#370,#371));
#116=EDGE_LOOP('',(#372,#373,#374,#375));
#117=EDGE_LOOP('',(#376,#377,#378,#379,#380,#381,#382,#383));
#118=EDGE_LOOP('',(#384,#385,#386,#387));
#119=EDGE_LOOP('',(#388,#389,#390,#391));
#120=EDGE_LOOP('',(#392,#393,#394));
#121=EDGE_LOOP('',(#395,#396,#397,#398));
#122=EDGE_LOOP('',(#399,#400,#401,#402));
#123=EDGE_LOOP('',(#403,#404,#405));
#124=EDGE_LOOP('',(#406,#407,#408,#409,#410));
#125=EDGE_LOOP('',(#411,#412,#413,#414));
#126=EDGE_LOOP('',(#415,#416,#417,#418));
#127=EDGE_LOOP('',(#419,#420,#421,#422));
#128=EDGE_LOOP('',(#423,#424,#425,#426));
#129=EDGE_LOOP('',(#427,#428,#429,#430,#431,#432));
#130=EDGE_LOOP('',(#433,#434,#435,#436));
#131=EDGE_LOOP('',(#437,#438,#439,#440));
#132=EDGE_LOOP('',(#441,#442,#443,#444));
#133=EDGE_LOOP('',(#445,#446,#447,#448));
#134=B_SPLINE_CURVE_WITH_KNOTS('',3,(#673,#674,#675,#676),.UNSPECIFIED.,
 .F.,.F.,(4,4),(-0.00242014238615242,0.),.UNSPECIFIED.);
#135=B_SPLINE_CURVE_WITH_KNOTS('',3,(#679,#680,#681,#682),.UNSPECIFIED.,
 .F.,.F.,(4,4),(0.,0.00242014238615242),.UNSPECIFIED.);
#136=B_SPLINE_CURVE_WITH_KNOTS('',3,(#724,#725,#726,#727,#728,#729,#730,
#731),.UNSPECIFIED.,.F.,.F.,(4,1,1,2,4),(-0.0128000188269901,-0.0102400150615921,
-0.00768001129619408,0.,0.000102095527180266),.UNSPECIFIED.);
#137=B_SPLINE_CURVE_WITH_KNOTS('',3,(#732,#733,#734,#735,#736,#737,#738,
#739),.UNSPECIFIED.,.F.,.F.,(4,2,1,1,4),(-0.000102095527180266,0.,0.00768001129619408,
0.0102400150615921,0.0128000188269901),.UNSPECIFIED.);
#138=B_SPLINE_CURVE_WITH_KNOTS('',3,(#772,#773,#774,#775),.UNSPECIFIED.,
 .F.,.F.,(4,4),(-0.00242014238615214,0.),.UNSPECIFIED.);
#139=B_SPLINE_CURVE_WITH_KNOTS('',3,(#778,#779,#780,#781),.UNSPECIFIED.,
 .F.,.F.,(4,4),(0.,0.00242014238615214),.UNSPECIFIED.);
#140=B_SPLINE_CURVE_WITH_KNOTS('',3,(#833,#834,#835,#836,#837,#838,#839,
#840,#841,#842),.UNSPECIFIED.,.F.,.F.,(4,1,1,1,1,2,4),(0.,0.0025600037653388,
0.00512000753067759,0.00768001129601639,0.0102400150613552,0.012800018826694,
0.0129021143541677),.UNSPECIFIED.);
#141=B_SPLINE_CURVE_WITH_KNOTS('',3,(#843,#844,#845,#846,#847,#848,#849,
#850,#851,#852),.UNSPECIFIED.,.F.,.F.,(4,2,1,1,1,1,4),(-0.0129021143541677,
-0.012800018826694,-0.0102400150613552,-0.00768001129601639,-0.00512000753067759,
-0.0025600037653388,0.),.UNSPECIFIED.);
#142=B_SPLINE_CURVE_WITH_KNOTS('',3,(#919,#920,#921,#922,#923,#924,#925,
#926,#927,#928),.UNSPECIFIED.,.F.,.F.,(4,1,1,1,1,1,1,4),(-1.02590202551721,
-0.879344593300468,-0.732787161083724,-0.58622972886698,-0.439672296650236,
-0.293114864433492,-0.146557432216749,-4.66293670342566E-15),
 .UNSPECIFIED.);
#143=B_SPLINE_CURVE_WITH_KNOTS('',3,(#929,#930,#931,#932,#933,#934,#935,
#936,#937,#938),.UNSPECIFIED.,.F.,.F.,(4,1,1,1,1,1,1,4),(0.0119960350409366,
0.146557432216749,0.293114864433492,0.439672296650236,0.58622972886698,
0.732787161083724,0.879344593300468,1.01390629541301),.UNSPECIFIED.);
#144=B_SPLINE_CURVE_WITH_KNOTS('',3,(#950,#951,#952,#953),.UNSPECIFIED.,
 .F.,.F.,(4,4),(2.16967462933514,2.17500000000001),.UNSPECIFIED.);
#145=B_SPLINE_CURVE_WITH_KNOTS('',3,(#1008,#1009,#1010,#1011,#1012,#1013,
#1014),.UNSPECIFIED.,.F.,.F.,(4,1,1,1,4),(-0.0114255184386911,-0.00978357365811768,
-0.00814162887754421,-0.00485773931639729,6.80950253231063E-5),
 .UNSPECIFIED.);
#146=B_SPLINE_CURVE_WITH_KNOTS('',3,(#1015,#1016,#1017,#1018,#1019,#1020,
#1021),.UNSPECIFIED.,.F.,.F.,(4,1,1,1,4),(-6.80950253231063E-5,0.00485773931639729,
0.00814162887754421,0.00978357365811768,0.0114255184386911),
 .UNSPECIFIED.);
#147=B_SPLINE_CURVE_WITH_KNOTS('',3,(#1060,#1061,#1062,#1063,#1064,#1065,
#1066),.UNSPECIFIED.,.F.,.F.,(4,1,1,1,4),(1.42039158213588E-15,0.00208307098373662,
0.00416614196747183,0.00833228393494224,0.0145814968861478),
 .UNSPECIFIED.);
#148=B_SPLINE_CURVE_WITH_KNOTS('',3,(#1067,#1068,#1069,#1070,#1071,#1072,
#1073),.UNSPECIFIED.,.F.,.F.,(4,1,1,1,4),(-0.0145814968861478,-0.00833228393494224,
-0.00416614196747183,-0.00208307098373662,-1.42039158213588E-15),
 .UNSPECIFIED.);
#149=B_SPLINE_CURVE_WITH_KNOTS('',3,(#1116,#1117,#1118,#1119,#1120,#1121,
#1122,#1123),.UNSPECIFIED.,.F.,.F.,(4,1,1,1,1,4),(-2.29416936161949,-2.18046148600065,
-1.61575190904393,-0.918061699205798,-0.345034763873648,5.55314222045944E-15),
 .UNSPECIFIED.);
#150=B_SPLINE_CURVE_WITH_KNOTS('',3,(#1124,#1125,#1126,#1127,#1128,#1129,
#1130,#1131),.UNSPECIFIED.,.F.,.F.,(4,1,1,1,1,4),(0.011777261209498,0.345034763873648,
0.918061699205798,1.61575190904393,2.18046148600065,2.2862509426926),
 .UNSPECIFIED.);
#151=B_SPLINE_CURVE_WITH_KNOTS('',3,(#1163,#1164,#1165,#1166),
 .UNSPECIFIED.,.F.,.F.,(4,4),(-2.17500000000001,-2.16967462933514),
 .UNSPECIFIED.);
#152=B_SPLINE_CURVE_WITH_KNOTS('',3,(#1196,#1197,#1198,#1199),
 .UNSPECIFIED.,.F.,.F.,(4,4),(-2.17500000000001,-0.0249999999999954),
 .UNSPECIFIED.);
#153=B_SPLINE_CURVE_WITH_KNOTS('',3,(#1201,#1202,#1203,#1204,#1205,#1206,
#1207,#1208),.UNSPECIFIED.,.F.,.F.,(4,1,1,1,1,4),(-2.08181924473344,-1.94912812268613,
-1.37610878332971,-0.678423479293536,-0.113707874562793,-2.37839518068795E-15),
 .UNSPECIFIED.);
#154=B_SPLINE_CURVE_WITH_KNOTS('',3,(#1210,#1211,#1212,#1213,#1214,#1215,
#1216,#1217,#1218,#1219,#1220,#1221,#1222),.UNSPECIFIED.,.F.,.F.,(4,1,1,
1,1,1,1,1,1,1,4),(2.85062790947028E-14,0.00275883310423941,0.00551766620845032,
0.00827649931266122,0.0110353324168721,0.013794165521083,0.0165529986252939,
0.0220706648337158,0.0275883310421376,0.0303471641463485,0.0386236634589812),
 .UNSPECIFIED.);
#155=B_SPLINE_CURVE_WITH_KNOTS('',3,(#1224,#1225,#1226,#1227,#1228,#1229,
#1230),.UNSPECIFIED.,.F.,.F.,(4,1,1,1,4),(-0.781373867966276,-0.669749029685379,
-0.446499353123586,-0.223249676561793,0.),.UNSPECIFIED.);
#156=B_SPLINE_CURVE_WITH_KNOTS('',3,(#1231,#1232,#1233,#1234),
 .UNSPECIFIED.,.F.,.F.,(4,4),(-1.49289326770335,-0.62318779275343),
 .UNSPECIFIED.);
#157=B_SPLINE_CURVE_WITH_KNOTS('',3,(#1264,#1265,#1266,#1267),
 .UNSPECIFIED.,.F.,.F.,(4,4),(0.0249999999999954,2.17500000000001),
 .UNSPECIFIED.);
#158=B_SPLINE_CURVE_WITH_KNOTS('',3,(#1300,#1301,#1302,#1303,#1304,#1305,
#1306),.UNSPECIFIED.,.F.,.F.,(4,1,1,1,4),(1.34573673468453E-15,0.00164194477940555,
0.00328388955880975,0.00656777911761816,0.0114936134558308),
 .UNSPECIFIED.);
#159=B_SPLINE_CURVE_WITH_KNOTS('',3,(#1307,#1308,#1309,#1310,#1311,#1312,
#1313),.UNSPECIFIED.,.F.,.F.,(4,1,1,1,4),(-0.0114936134558308,-0.00656777911761816,
-0.00328388955880975,-0.00164194477940555,-1.34573673468453E-15),
 .UNSPECIFIED.);
#160=B_SPLINE_CURVE_WITH_KNOTS('',3,(#1347,#1348,#1349,#1350),
 .UNSPECIFIED.,.F.,.F.,(4,4),(-0.00239544100092235,0.),.UNSPECIFIED.);
#161=B_SPLINE_CURVE_WITH_KNOTS('',3,(#1353,#1354,#1355,#1356),
 .UNSPECIFIED.,.F.,.F.,(4,4),(0.,0.00239544100092235),.UNSPECIFIED.);
#162=B_SPLINE_CURVE_WITH_KNOTS('',3,(#1408,#1409,#1410,#1411,#1412,#1413,
#1414,#1415,#1416,#1417),.UNSPECIFIED.,.F.,.F.,(4,1,1,1,1,2,4),(-0.0128161558741446,
-0.0102529246993157,-0.00768969352448679,-0.00512646234965786,-0.00256323117482893,
0.,0.000102064257522962),.UNSPECIFIED.);
#163=B_SPLINE_CURVE_WITH_KNOTS('',3,(#1418,#1419,#1420,#1421,#1422,#1423,
#1424,#1425,#1426,#1427),.UNSPECIFIED.,.F.,.F.,(4,2,1,1,1,1,4),(-0.000102064257522962,
0.,0.00256323117482893,0.00512646234965786,0.00768969352448679,0.0102529246993157,
0.0128161558741446),.UNSPECIFIED.);
#164=B_SPLINE_CURVE_WITH_KNOTS('',3,(#1472,#1473,#1474,#1475,#1476,#1477,
#1478),.UNSPECIFIED.,.F.,.F.,(4,1,1,1,4),(0.,0.223249676561793,0.446499353123586,
0.669749029685379,0.769375500171087),.UNSPECIFIED.);
#165=B_SPLINE_CURVE_WITH_KNOTS('',3,(#1559,#1560,#1561,#1562,#1563,#1564,
#1565,#1566,#1567,#1568,#1569,#1570,#1571),.UNSPECIFIED.,.F.,.F.,(4,1,1,
1,1,1,1,1,1,1,4),(-0.0386236634589812,-0.0303471641463485,-0.0275883310421376,
-0.0220706648337158,-0.0165529986252939,-0.013794165521083,-0.0110353324168721,
-0.00827649931266122,-0.00551766620845032,-0.00275883310423941,-2.85062790947028E-14),
 .UNSPECIFIED.);
#166=B_SPLINE_CURVE_WITH_KNOTS('',3,(#1612,#1613,#1614,#1615,#1616,#1617,
#1618,#1619),.UNSPECIFIED.,.F.,.F.,(4,1,1,1,1,4),(0.00791840652687874,0.113707874562793,
0.678423479293536,1.37610878332971,1.94912812268613,2.08181924473344),
 .UNSPECIFIED.);
#167=B_SPLINE_CURVE_WITH_KNOTS('',3,(#1651,#1652,#1653,#1654),
 .UNSPECIFIED.,.F.,.F.,(4,4),(0.62318779275343,1.49289326770335),
 .UNSPECIFIED.);
#168=CIRCLE('',#514,0.200000000000003);
#169=CIRCLE('',#515,0.199999999999995);
#170=CIRCLE('',#516,0.199999999999989);
#171=CIRCLE('',#517,0.199999999999996);
#172=CIRCLE('',#519,0.25);
#173=CIRCLE('',#521,0.25);
#174=CIRCLE('',#524,3.2433318487744);
#175=CIRCLE('',#526,0.25);
#176=CIRCLE('',#527,3.14816758276587);
#177=CIRCLE('',#528,0.4);
#178=CIRCLE('',#529,0.25);
#179=CIRCLE('',#530,0.25);
#180=CIRCLE('',#531,0.25);
#181=CIRCLE('',#532,0.200000000000004);
#182=CIRCLE('',#533,0.199999999999998);
#183=CIRCLE('',#536,0.199999999999983);
#184=CIRCLE('',#539,0.200000000000009);
#185=CIRCLE('',#540,0.19999999999998);
#186=CIRCLE('',#541,0.249999999999987);
#187=CIRCLE('',#542,0.249999999999999);
#188=VERTEX_POINT('',#669);
#189=VERTEX_POINT('',#670);
#190=VERTEX_POINT('',#672);
#191=VERTEX_POINT('',#677);
#192=VERTEX_POINT('',#723);
#193=VERTEX_POINT('',#768);
#194=VERTEX_POINT('',#769);
#195=VERTEX_POINT('',#771);
#196=VERTEX_POINT('',#776);
#197=VERTEX_POINT('',#832);
#198=VERTEX_POINT('',#854);
#199=VERTEX_POINT('',#856);
#200=VERTEX_POINT('',#940);
#201=VERTEX_POINT('',#942);
#202=VERTEX_POINT('',#946);
#203=VERTEX_POINT('',#948);
#204=VERTEX_POINT('',#957);
#205=VERTEX_POINT('',#959);
#206=VERTEX_POINT('',#961);
#207=VERTEX_POINT('',#963);
#208=VERTEX_POINT('',#965);
#209=VERTEX_POINT('',#967);
#210=VERTEX_POINT('',#969);
#211=VERTEX_POINT('',#971);
#212=VERTEX_POINT('',#973);
#213=VERTEX_POINT('',#1004);
#214=VERTEX_POINT('',#1005);
#215=VERTEX_POINT('',#1007);
#216=VERTEX_POINT('',#1057);
#217=VERTEX_POINT('',#1059);
#218=VERTEX_POINT('',#1195);
#219=VERTEX_POINT('',#1200);
#220=VERTEX_POINT('',#1209);
#221=VERTEX_POINT('',#1223);
#222=VERTEX_POINT('',#1263);
#223=VERTEX_POINT('',#1299);
#224=VERTEX_POINT('',#1344);
#225=VERTEX_POINT('',#1346);
#226=VERTEX_POINT('',#1351);
#227=VERTEX_POINT('',#1407);
#228=VERTEX_POINT('',#1470);
#229=VERTEX_POINT('',#1557);
#230=EDGE_CURVE('',#188,#189,#168,.T.);
#231=EDGE_CURVE('',#189,#190,#134,.T.);
#232=EDGE_CURVE('',#191,#190,#169,.T.);
#233=EDGE_CURVE('',#191,#188,#135,.T.);
#234=EDGE_CURVE('',#190,#192,#136,.T.);
#235=EDGE_CURVE('',#192,#191,#137,.T.);
#236=EDGE_CURVE('',#193,#194,#170,.T.);
#237=EDGE_CURVE('',#194,#195,#138,.T.);
#238=EDGE_CURVE('',#196,#195,#171,.T.);
#239=EDGE_CURVE('',#196,#193,#139,.T.);
#240=EDGE_CURVE('',#195,#197,#140,.T.);
#241=EDGE_CURVE('',#197,#196,#141,.T.);
#242=EDGE_CURVE('',#195,#198,#21,.T.);
#243=EDGE_CURVE('',#198,#199,#172,.T.);
#244=EDGE_CURVE('',#199,#197,#22,.T.);
#245=EDGE_CURVE('',#189,#193,#142,.T.);
#246=EDGE_CURVE('',#197,#192,#143,.T.);
#247=EDGE_CURVE('',#192,#200,#23,.T.);
#248=EDGE_CURVE('',#200,#201,#173,.T.);
#249=EDGE_CURVE('',#201,#191,#24,.T.);
#250=EDGE_CURVE('',#201,#202,#25,.T.);
#251=EDGE_CURVE('',#203,#202,#26,.T.);
#252=EDGE_CURVE('',#188,#203,#144,.T.);
#253=EDGE_CURVE('',#200,#199,#174,.T.);
#254=EDGE_CURVE('',#204,#198,#27,.T.);
#255=EDGE_CURVE('',#205,#204,#175,.T.);
#256=EDGE_CURVE('',#205,#206,#176,.T.);
#257=EDGE_CURVE('',#207,#206,#177,.T.);
#258=EDGE_CURVE('',#208,#207,#28,.T.);
#259=EDGE_CURVE('',#209,#208,#178,.T.);
#260=EDGE_CURVE('',#210,#209,#29,.T.);
#261=EDGE_CURVE('',#211,#210,#179,.T.);
#262=EDGE_CURVE('',#212,#211,#30,.T.);
#263=EDGE_CURVE('',#202,#212,#180,.T.);
#264=EDGE_CURVE('',#213,#214,#181,.T.);
#265=EDGE_CURVE('',#214,#215,#145,.T.);
#266=EDGE_CURVE('',#215,#213,#146,.T.);
#267=EDGE_CURVE('',#216,#203,#182,.T.);
#268=EDGE_CURVE('',#203,#217,#147,.T.);
#269=EDGE_CURVE('',#217,#216,#148,.T.);
#270=EDGE_CURVE('',#212,#217,#31,.T.);
#271=EDGE_CURVE('',#214,#216,#149,.T.);
#272=EDGE_CURVE('',#217,#215,#150,.T.);
#273=EDGE_CURVE('',#215,#211,#32,.T.);
#274=EDGE_CURVE('',#210,#213,#33,.T.);
#275=EDGE_CURVE('',#216,#189,#151,.T.);
#276=EDGE_CURVE('',#218,#214,#152,.T.);
#277=EDGE_CURVE('',#219,#218,#153,.T.);
#278=EDGE_CURVE('',#220,#219,#154,.T.);
#279=EDGE_CURVE('',#221,#220,#155,.T.);
#280=EDGE_CURVE('',#193,#221,#156,.T.);
#281=EDGE_CURVE('',#213,#222,#157,.T.);
#282=EDGE_CURVE('',#218,#222,#183,.T.);
#283=EDGE_CURVE('',#222,#209,#34,.T.);
#284=EDGE_CURVE('',#222,#223,#158,.T.);
#285=EDGE_CURVE('',#223,#218,#159,.T.);
#286=EDGE_CURVE('',#208,#223,#35,.T.);
#287=EDGE_CURVE('',#224,#221,#184,.T.);
#288=EDGE_CURVE('',#221,#225,#160,.T.);
#289=EDGE_CURVE('',#226,#225,#185,.T.);
#290=EDGE_CURVE('',#226,#224,#161,.T.);
#291=EDGE_CURVE('',#225,#227,#162,.T.);
#292=EDGE_CURVE('',#227,#226,#163,.T.);
#293=EDGE_CURVE('',#220,#228,#186,.T.);
#294=EDGE_CURVE('',#228,#227,#164,.T.);
#295=EDGE_CURVE('',#219,#229,#187,.T.);
#296=EDGE_CURVE('',#229,#228,#165,.T.);
#297=EDGE_CURVE('',#223,#229,#166,.T.);
#298=EDGE_CURVE('',#227,#205,#36,.T.);
#299=EDGE_CURVE('',#204,#226,#37,.T.);
#300=EDGE_CURVE('',#224,#194,#167,.T.);
#301=EDGE_CURVE('',#206,#228,#38,.T.);
#302=EDGE_CURVE('',#229,#207,#39,.T.);
#303=ORIENTED_EDGE('',*,*,#230,.T.);
#304=ORIENTED_EDGE('',*,*,#231,.T.);
#305=ORIENTED_EDGE('',*,*,#232,.F.);
#306=ORIENTED_EDGE('',*,*,#233,.T.);
#307=ORIENTED_EDGE('',*,*,#232,.T.);
#308=ORIENTED_EDGE('',*,*,#234,.T.);
#309=ORIENTED_EDGE('',*,*,#235,.T.);
#310=ORIENTED_EDGE('',*,*,#236,.T.);
#311=ORIENTED_EDGE('',*,*,#237,.T.);
#312=ORIENTED_EDGE('',*,*,#238,.F.);
#313=ORIENTED_EDGE('',*,*,#239,.T.);
#314=ORIENTED_EDGE('',*,*,#238,.T.);
#315=ORIENTED_EDGE('',*,*,#240,.T.);
#316=ORIENTED_EDGE('',*,*,#241,.T.);
#317=ORIENTED_EDGE('',*,*,#240,.F.);
#318=ORIENTED_EDGE('',*,*,#242,.T.);
#319=ORIENTED_EDGE('',*,*,#243,.T.);
#320=ORIENTED_EDGE('',*,*,#244,.T.);
#321=ORIENTED_EDGE('',*,*,#234,.F.);
#322=ORIENTED_EDGE('',*,*,#231,.F.);
#323=ORIENTED_EDGE('',*,*,#245,.T.);
#324=ORIENTED_EDGE('',*,*,#239,.F.);
#325=ORIENTED_EDGE('',*,*,#241,.F.);
#326=ORIENTED_EDGE('',*,*,#246,.T.);
#327=ORIENTED_EDGE('',*,*,#235,.F.);
#328=ORIENTED_EDGE('',*,*,#247,.T.);
#329=ORIENTED_EDGE('',*,*,#248,.T.);
#330=ORIENTED_EDGE('',*,*,#249,.T.);
#331=ORIENTED_EDGE('',*,*,#233,.F.);
#332=ORIENTED_EDGE('',*,*,#249,.F.);
#333=ORIENTED_EDGE('',*,*,#250,.T.);
#334=ORIENTED_EDGE('',*,*,#251,.F.);
#335=ORIENTED_EDGE('',*,*,#252,.F.);
#336=ORIENTED_EDGE('',*,*,#247,.F.);
#337=ORIENTED_EDGE('',*,*,#246,.F.);
#338=ORIENTED_EDGE('',*,*,#244,.F.);
#339=ORIENTED_EDGE('',*,*,#253,.F.);
#340=ORIENTED_EDGE('',*,*,#248,.F.);
#341=ORIENTED_EDGE('',*,*,#253,.T.);
#342=ORIENTED_EDGE('',*,*,#243,.F.);
#343=ORIENTED_EDGE('',*,*,#254,.F.);
#344=ORIENTED_EDGE('',*,*,#255,.F.);
#345=ORIENTED_EDGE('',*,*,#256,.T.);
#346=ORIENTED_EDGE('',*,*,#257,.F.);
#347=ORIENTED_EDGE('',*,*,#258,.F.);
#348=ORIENTED_EDGE('',*,*,#259,.F.);
#349=ORIENTED_EDGE('',*,*,#260,.F.);
#350=ORIENTED_EDGE('',*,*,#261,.F.);
#351=ORIENTED_EDGE('',*,*,#262,.F.);
#352=ORIENTED_EDGE('',*,*,#263,.F.);
#353=ORIENTED_EDGE('',*,*,#250,.F.);
#354=ORIENTED_EDGE('',*,*,#264,.T.);
#355=ORIENTED_EDGE('',*,*,#265,.T.);
#356=ORIENTED_EDGE('',*,*,#266,.T.);
#357=ORIENTED_EDGE('',*,*,#267,.T.);
#358=ORIENTED_EDGE('',*,*,#268,.T.);
#359=ORIENTED_EDGE('',*,*,#269,.T.);
#360=ORIENTED_EDGE('',*,*,#268,.F.);
#361=ORIENTED_EDGE('',*,*,#251,.T.);
#362=ORIENTED_EDGE('',*,*,#263,.T.);
#363=ORIENTED_EDGE('',*,*,#270,.T.);
#364=ORIENTED_EDGE('',*,*,#265,.F.);
#365=ORIENTED_EDGE('',*,*,#271,.T.);
#366=ORIENTED_EDGE('',*,*,#269,.F.);
#367=ORIENTED_EDGE('',*,*,#272,.T.);
#368=ORIENTED_EDGE('',*,*,#266,.F.);
#369=ORIENTED_EDGE('',*,*,#273,.T.);
#370=ORIENTED_EDGE('',*,*,#261,.T.);
#371=ORIENTED_EDGE('',*,*,#274,.T.);
#372=ORIENTED_EDGE('',*,*,#230,.F.);
#373=ORIENTED_EDGE('',*,*,#252,.T.);
#374=ORIENTED_EDGE('',*,*,#267,.F.);
#375=ORIENTED_EDGE('',*,*,#275,.T.);
#376=ORIENTED_EDGE('',*,*,#245,.F.);
#377=ORIENTED_EDGE('',*,*,#275,.F.);
#378=ORIENTED_EDGE('',*,*,#271,.F.);
#379=ORIENTED_EDGE('',*,*,#276,.F.);
#380=ORIENTED_EDGE('',*,*,#277,.F.);
#381=ORIENTED_EDGE('',*,*,#278,.F.);
#382=ORIENTED_EDGE('',*,*,#279,.F.);
#383=ORIENTED_EDGE('',*,*,#280,.F.);
#384=ORIENTED_EDGE('',*,*,#264,.F.);
#385=ORIENTED_EDGE('',*,*,#281,.T.);
#386=ORIENTED_EDGE('',*,*,#282,.F.);
#387=ORIENTED_EDGE('',*,*,#276,.T.);
#388=ORIENTED_EDGE('',*,*,#274,.F.);
#389=ORIENTED_EDGE('',*,*,#260,.T.);
#390=ORIENTED_EDGE('',*,*,#283,.F.);
#391=ORIENTED_EDGE('',*,*,#281,.F.);
#392=ORIENTED_EDGE('',*,*,#282,.T.);
#393=ORIENTED_EDGE('',*,*,#284,.T.);
#394=ORIENTED_EDGE('',*,*,#285,.T.);
#395=ORIENTED_EDGE('',*,*,#284,.F.);
#396=ORIENTED_EDGE('',*,*,#283,.T.);
#397=ORIENTED_EDGE('',*,*,#259,.T.);
#398=ORIENTED_EDGE('',*,*,#286,.T.);
#399=ORIENTED_EDGE('',*,*,#287,.T.);
#400=ORIENTED_EDGE('',*,*,#288,.T.);
#401=ORIENTED_EDGE('',*,*,#289,.F.);
#402=ORIENTED_EDGE('',*,*,#290,.T.);
#403=ORIENTED_EDGE('',*,*,#289,.T.);
#404=ORIENTED_EDGE('',*,*,#291,.T.);
#405=ORIENTED_EDGE('',*,*,#292,.T.);
#406=ORIENTED_EDGE('',*,*,#291,.F.);
#407=ORIENTED_EDGE('',*,*,#288,.F.);
#408=ORIENTED_EDGE('',*,*,#279,.T.);
#409=ORIENTED_EDGE('',*,*,#293,.T.);
#410=ORIENTED_EDGE('',*,*,#294,.T.);
#411=ORIENTED_EDGE('',*,*,#295,.T.);
#412=ORIENTED_EDGE('',*,*,#296,.T.);
#413=ORIENTED_EDGE('',*,*,#293,.F.);
#414=ORIENTED_EDGE('',*,*,#278,.T.);
#415=ORIENTED_EDGE('',*,*,#285,.F.);
#416=ORIENTED_EDGE('',*,*,#297,.T.);
#417=ORIENTED_EDGE('',*,*,#295,.F.);
#418=ORIENTED_EDGE('',*,*,#277,.T.);
#419=ORIENTED_EDGE('',*,*,#292,.F.);
#420=ORIENTED_EDGE('',*,*,#298,.T.);
#421=ORIENTED_EDGE('',*,*,#255,.T.);
#422=ORIENTED_EDGE('',*,*,#299,.T.);
#423=ORIENTED_EDGE('',*,*,#236,.F.);
#424=ORIENTED_EDGE('',*,*,#280,.T.);
#425=ORIENTED_EDGE('',*,*,#287,.F.);
#426=ORIENTED_EDGE('',*,*,#300,.T.);
#427=ORIENTED_EDGE('',*,*,#237,.F.);
#428=ORIENTED_EDGE('',*,*,#300,.F.);
#429=ORIENTED_EDGE('',*,*,#290,.F.);
#430=ORIENTED_EDGE('',*,*,#299,.F.);
#431=ORIENTED_EDGE('',*,*,#254,.T.);
#432=ORIENTED_EDGE('',*,*,#242,.F.);
#433=ORIENTED_EDGE('',*,*,#298,.F.);
#434=ORIENTED_EDGE('',*,*,#294,.F.);
#435=ORIENTED_EDGE('',*,*,#301,.F.);
#436=ORIENTED_EDGE('',*,*,#256,.F.);
#437=ORIENTED_EDGE('',*,*,#296,.F.);
#438=ORIENTED_EDGE('',*,*,#302,.T.);
#439=ORIENTED_EDGE('',*,*,#257,.T.);
#440=ORIENTED_EDGE('',*,*,#301,.T.);
#441=ORIENTED_EDGE('',*,*,#286,.F.);
#442=ORIENTED_EDGE('',*,*,#258,.T.);
#443=ORIENTED_EDGE('',*,*,#302,.F.);
#444=ORIENTED_EDGE('',*,*,#297,.F.);
#445=ORIENTED_EDGE('',*,*,#270,.F.);
#446=ORIENTED_EDGE('',*,*,#262,.T.);
#447=ORIENTED_EDGE('',*,*,#273,.F.);
#448=ORIENTED_EDGE('',*,*,#272,.F.);
#449=B_SPLINE_SURFACE_WITH_KNOTS('',3,3,((#641,#642,#643,#644),(#645,#646,
#647,#648),(#649,#650,#651,#652),(#653,#654,#655,#656),(#657,#658,#659,
#660),(#661,#662,#663,#664),(#665,#666,#667,#668)),.UNSPECIFIED.,.F.,.F.,
 .F.,(4,1,1,1,4),(4,4),(0.,0.285714285714286,0.571428571428571,0.714285714285714,
1.),(0.,0.00242014238615242),.UNSPECIFIED.);
#450=B_SPLINE_SURFACE_WITH_KNOTS('',3,3,((#683,#684,#685,#686,#687,#688,
#689,#690),(#691,#692,#693,#694,#695,#696,#697,#698),(#699,#700,#701,#702,
#703,#704,#705,#706),(#707,#708,#709,#710,#711,#712,#713,#714),(#715,#716,
#717,#718,#719,#720,#721,#722)),.UNSPECIFIED.,.F.,.F.,.F.,(4,1,4),(4,2,
1,1,4),(0.,0.571428571428571,1.),(-0.000102095527180266,0.,0.00768001129619408,
0.0102400150615921,0.0128000188269901),.UNSPECIFIED.);
#451=B_SPLINE_SURFACE_WITH_KNOTS('',3,3,((#740,#741,#742,#743),(#744,#745,
#746,#747),(#748,#749,#750,#751),(#752,#753,#754,#755),(#756,#757,#758,
#759),(#760,#761,#762,#763),(#764,#765,#766,#767)),.UNSPECIFIED.,.F.,.F.,
 .F.,(4,1,1,1,4),(4,4),(0.,0.285714285714286,0.571428571428571,0.714285714285714,
1.),(0.,0.00242014238615214),.UNSPECIFIED.);
#452=B_SPLINE_SURFACE_WITH_KNOTS('',3,3,((#782,#783,#784,#785,#786,#787,
#788,#789,#790,#791),(#792,#793,#794,#795,#796,#797,#798,#799,#800,#801),
(#802,#803,#804,#805,#806,#807,#808,#809,#810,#811),(#812,#813,#814,#815,
#816,#817,#818,#819,#820,#821),(#822,#823,#824,#825,#826,#827,#828,#829,
#830,#831)),.UNSPECIFIED.,.F.,.F.,.F.,(4,1,4),(4,2,1,1,1,1,4),(0.,0.571428571428571,
1.),(-0.0129021143541677,-0.012800018826694,-0.0102400150613552,-0.00768001129601639,
-0.00512000753067759,-0.0025600037653388,0.),.UNSPECIFIED.);
#453=B_SPLINE_SURFACE_WITH_KNOTS('',3,3,((#859,#860,#861,#862,#863,#864,
#865,#866,#867,#868),(#869,#870,#871,#872,#873,#874,#875,#876,#877,#878),
(#879,#880,#881,#882,#883,#884,#885,#886,#887,#888),(#889,#890,#891,#892,
#893,#894,#895,#896,#897,#898),(#899,#900,#901,#902,#903,#904,#905,#906,
#907,#908),(#909,#910,#911,#912,#913,#914,#915,#916,#917,#918)),
 .UNSPECIFIED.,.F.,.F.,.F.,(4,1,1,4),(4,1,1,1,1,1,1,4),(0.,0.285714285714286,
0.571428571428571,1.),(4.66293670342566E-15,0.146557432216749,0.293114864433492,
0.439672296650236,0.58622972886698,0.732787161083724,0.879344593300468,
1.02590202551721),.UNSPECIFIED.);
#454=B_SPLINE_SURFACE_WITH_KNOTS('',3,3,((#976,#977,#978,#979,#980,#981,
#982),(#983,#984,#985,#986,#987,#988,#989),(#990,#991,#992,#993,#994,#995,
#996),(#997,#998,#999,#1000,#1001,#1002,#1003)),.UNSPECIFIED.,.F.,.F.,.F.,
(4,4),(4,1,1,1,4),(0.,1.),(-6.80950253231063E-5,0.00485773931639729,0.00814162887754421,
0.00978357365811768,0.0114255184386911),.UNSPECIFIED.);
#455=B_SPLINE_SURFACE_WITH_KNOTS('',3,3,((#1022,#1023,#1024,#1025,#1026,
#1027,#1028),(#1029,#1030,#1031,#1032,#1033,#1034,#1035),(#1036,#1037,#1038,
#1039,#1040,#1041,#1042),(#1043,#1044,#1045,#1046,#1047,#1048,#1049),(#1050,
#1051,#1052,#1053,#1054,#1055,#1056)),.UNSPECIFIED.,.F.,.F.,.F.,(4,1,4),
(4,1,1,1,4),(0.,0.571428571428571,1.),(-0.0145814968861478,-0.00833228393494224,
-0.00416614196747183,-0.00208307098373662,-1.42039158213588E-15),
 .UNSPECIFIED.);
#456=B_SPLINE_SURFACE_WITH_KNOTS('',3,3,((#1076,#1077,#1078,#1079,#1080,
#1081,#1082,#1083),(#1084,#1085,#1086,#1087,#1088,#1089,#1090,#1091),(#1092,
#1093,#1094,#1095,#1096,#1097,#1098,#1099),(#1100,#1101,#1102,#1103,#1104,
#1105,#1106,#1107),(#1108,#1109,#1110,#1111,#1112,#1113,#1114,#1115)),
 .UNSPECIFIED.,.F.,.F.,.F.,(4,1,4),(4,1,1,1,1,4),(0.,0.5,1.),(-5.55314222045944E-15,
0.345034763873648,0.918061699205798,1.61575190904393,2.18046148600065,2.29416936161949),
 .UNSPECIFIED.);
#457=B_SPLINE_SURFACE_WITH_KNOTS('',3,3,((#1135,#1136,#1137,#1138),(#1139,
#1140,#1141,#1142),(#1143,#1144,#1145,#1146),(#1147,#1148,#1149,#1150),
(#1151,#1152,#1153,#1154),(#1155,#1156,#1157,#1158),(#1159,#1160,#1161,
#1162)),.UNSPECIFIED.,.F.,.F.,.F.,(4,1,1,1,4),(4,4),(0.,0.285714285714286,
0.571428571428571,0.714285714285714,1.),(2.16967462933514,2.17500000000001),
 .UNSPECIFIED.);
#458=B_SPLINE_SURFACE_WITH_KNOTS('',3,1,((#1167,#1168),(#1169,#1170),(#1171,
#1172),(#1173,#1174),(#1175,#1176),(#1177,#1178),(#1179,#1180),(#1181,#1182),
(#1183,#1184),(#1185,#1186),(#1187,#1188),(#1189,#1190),(#1191,#1192),(#1193,
#1194)),.UNSPECIFIED.,.F.,.F.,.F.,(4,2,2,2,2,2,4),(2,2),(-4.56095590037143,
-4.42931771506829,-3.82609871019305,-2.65755480745386,-1.81486232692759,
-1.29546082065295,-1.17514241588856),(0.,2.3),.UNSPECIFIED.);
#459=B_SPLINE_SURFACE_WITH_KNOTS('',3,3,((#1235,#1236,#1237,#1238),(#1239,
#1240,#1241,#1242),(#1243,#1244,#1245,#1246),(#1247,#1248,#1249,#1250),
(#1251,#1252,#1253,#1254),(#1255,#1256,#1257,#1258),(#1259,#1260,#1261,
#1262)),.UNSPECIFIED.,.F.,.F.,.F.,(4,1,1,1,4),(4,4),(0.,0.285714285714286,
0.5,0.785714285714286,1.),(0.0249999999999954,2.17500000000001),
 .UNSPECIFIED.);
#460=B_SPLINE_SURFACE_WITH_KNOTS('',3,3,((#1271,#1272,#1273,#1274,#1275,
#1276,#1277),(#1278,#1279,#1280,#1281,#1282,#1283,#1284),(#1285,#1286,#1287,
#1288,#1289,#1290,#1291),(#1292,#1293,#1294,#1295,#1296,#1297,#1298)),
 .UNSPECIFIED.,.F.,.F.,.F.,(4,4),(4,1,1,1,4),(0.,1.),(-0.0114936134558308,
-0.00656777911761816,-0.00328388955880975,-0.00164194477940555,-1.34573673468453E-15),
 .UNSPECIFIED.);
#461=B_SPLINE_SURFACE_WITH_KNOTS('',3,3,((#1316,#1317,#1318,#1319),(#1320,
#1321,#1322,#1323),(#1324,#1325,#1326,#1327),(#1328,#1329,#1330,#1331),
(#1332,#1333,#1334,#1335),(#1336,#1337,#1338,#1339),(#1340,#1341,#1342,
#1343)),.UNSPECIFIED.,.F.,.F.,.F.,(4,1,1,1,4),(4,4),(0.,0.285714285714286,
0.571428571428571,0.714285714285714,1.),(0.,0.00239544100092235),
 .UNSPECIFIED.);
#462=B_SPLINE_SURFACE_WITH_KNOTS('',3,3,((#1357,#1358,#1359,#1360,#1361,
#1362,#1363,#1364,#1365,#1366),(#1367,#1368,#1369,#1370,#1371,#1372,#1373,
#1374,#1375,#1376),(#1377,#1378,#1379,#1380,#1381,#1382,#1383,#1384,#1385,
#1386),(#1387,#1388,#1389,#1390,#1391,#1392,#1393,#1394,#1395,#1396),(#1397,
#1398,#1399,#1400,#1401,#1402,#1403,#1404,#1405,#1406)),.UNSPECIFIED.,.F.,
 .F.,.F.,(4,1,4),(4,2,1,1,1,1,4),(0.,0.571428571428571,1.),(-0.000102064257522962,
0.,0.00256323117482893,0.00512646234965786,0.00768969352448679,0.0102529246993157,
0.0128161558741446),.UNSPECIFIED.);
#463=B_SPLINE_SURFACE_WITH_KNOTS('',3,3,((#1428,#1429,#1430,#1431,#1432,
#1433,#1434),(#1435,#1436,#1437,#1438,#1439,#1440,#1441),(#1442,#1443,#1444,
#1445,#1446,#1447,#1448),(#1449,#1450,#1451,#1452,#1453,#1454,#1455),(#1456,
#1457,#1458,#1459,#1460,#1461,#1462),(#1463,#1464,#1465,#1466,#1467,#1468,
#1469)),.UNSPECIFIED.,.F.,.F.,.F.,(4,1,1,4),(4,1,1,1,4),(0.,0.285714285714286,
0.571428571428571,1.),(0.,0.223249676561793,0.446499353123586,0.669749029685379,
0.781373867966276),.UNSPECIFIED.);
#464=B_SPLINE_SURFACE_WITH_KNOTS('',3,3,((#1479,#1480,#1481,#1482,#1483,
#1484,#1485,#1486,#1487,#1488,#1489,#1490,#1491),(#1492,#1493,#1494,#1495,
#1496,#1497,#1498,#1499,#1500,#1501,#1502,#1503,#1504),(#1505,#1506,#1507,
#1508,#1509,#1510,#1511,#1512,#1513,#1514,#1515,#1516,#1517),(#1518,#1519,
#1520,#1521,#1522,#1523,#1524,#1525,#1526,#1527,#1528,#1529,#1530),(#1531,
#1532,#1533,#1534,#1535,#1536,#1537,#1538,#1539,#1540,#1541,#1542,#1543),
(#1544,#1545,#1546,#1547,#1548,#1549,#1550,#1551,#1552,#1553,#1554,#1555,
#1556)),.UNSPECIFIED.,.F.,.F.,.F.,(4,1,1,4),(4,1,1,1,1,1,1,1,1,1,4),(0.,
0.285714285714286,0.571428571428571,1.),(2.85062790947028E-14,0.00275883310423941,
0.00551766620845032,0.00827649931266122,0.0110353324168721,0.013794165521083,
0.0165529986252939,0.0220706648337158,0.0275883310421376,0.0303471641463485,
0.0386236634589812),.UNSPECIFIED.);
#465=B_SPLINE_SURFACE_WITH_KNOTS('',3,3,((#1572,#1573,#1574,#1575,#1576,
#1577,#1578,#1579),(#1580,#1581,#1582,#1583,#1584,#1585,#1586,#1587),(#1588,
#1589,#1590,#1591,#1592,#1593,#1594,#1595),(#1596,#1597,#1598,#1599,#1600,
#1601,#1602,#1603),(#1604,#1605,#1606,#1607,#1608,#1609,#1610,#1611)),
 .UNSPECIFIED.,.F.,.F.,.F.,(4,1,4),(4,1,1,1,1,4),(0.,0.5,1.),(2.37839518068795E-15,
0.113707874562793,0.678423479293536,1.37610878332971,1.94912812268613,2.08181924473344),
 .UNSPECIFIED.);
#466=B_SPLINE_SURFACE_WITH_KNOTS('',3,3,((#1623,#1624,#1625,#1626),(#1627,
#1628,#1629,#1630),(#1631,#1632,#1633,#1634),(#1635,#1636,#1637,#1638),
(#1639,#1640,#1641,#1642),(#1643,#1644,#1645,#1646),(#1647,#1648,#1649,
#1650)),.UNSPECIFIED.,.F.,.F.,.F.,(4,1,1,1,4),(4,4),(0.,0.285714285714286,
0.571428571428571,0.714285714285714,1.),(0.62318779275343,1.49289326770335),
 .UNSPECIFIED.);
#467=ADVANCED_FACE('',(#68),#449,.F.);
#468=ADVANCED_FACE('',(#69),#450,.F.);
#469=ADVANCED_FACE('',(#70),#451,.F.);
#470=ADVANCED_FACE('',(#71),#452,.F.);
#471=ADVANCED_FACE('',(#72),#59,.T.);
#472=ADVANCED_FACE('',(#73),#453,.F.);
#473=ADVANCED_FACE('',(#74),#60,.T.);
#474=ADVANCED_FACE('',(#75),#15,.F.);
#475=ADVANCED_FACE('',(#76),#61,.F.);
#476=ADVANCED_FACE('',(#77),#16,.F.);
#477=ADVANCED_FACE('',(#78),#454,.F.);
#478=ADVANCED_FACE('',(#79),#455,.F.);
#479=ADVANCED_FACE('',(#80),#62,.T.);
#480=ADVANCED_FACE('',(#81),#456,.F.);
#481=ADVANCED_FACE('',(#82),#63,.T.);
#482=ADVANCED_FACE('',(#83),#457,.F.);
#483=ADVANCED_FACE('',(#84),#458,.T.);
#484=ADVANCED_FACE('',(#85),#459,.F.);
#485=ADVANCED_FACE('',(#86),#17,.F.);
#486=ADVANCED_FACE('',(#87),#460,.F.);
#487=ADVANCED_FACE('',(#88),#64,.T.);
#488=ADVANCED_FACE('',(#89),#461,.F.);
#489=ADVANCED_FACE('',(#90),#462,.F.);
#490=ADVANCED_FACE('',(#91),#463,.F.);
#491=ADVANCED_FACE('',(#92),#464,.F.);
#492=ADVANCED_FACE('',(#93),#465,.F.);
#493=ADVANCED_FACE('',(#94),#65,.T.);
#494=ADVANCED_FACE('',(#95),#466,.F.);
#495=ADVANCED_FACE('',(#96),#18,.F.);
#496=ADVANCED_FACE('',(#97),#66,.F.);
#497=ADVANCED_FACE('',(#98),#67,.T.);
#498=ADVANCED_FACE('',(#99),#19,.F.);
#499=ADVANCED_FACE('',(#100),#20,.F.);
#500=CLOSED_SHELL('',(#467,#468,#469,#470,#471,#472,#473,#474,#475,#476,
#477,#478,#479,#480,#481,#482,#483,#484,#485,#486,#487,#488,#489,#490,#491,
#492,#493,#494,#495,#496,#497,#498,#499));
#501=DERIVED_UNIT_ELEMENT(#503,1.);
#502=DERIVED_UNIT_ELEMENT(#1667,-3.);
#503=(
MASS_UNIT()
NAMED_UNIT(*)
SI_UNIT(.KILO.,.GRAM.)
);
#504=DERIVED_UNIT((#501,#502));
#505=MEASURE_REPRESENTATION_ITEM('density measure',
POSITIVE_RATIO_MEASURE(7850.),#504);
#506=PROPERTY_DEFINITION_REPRESENTATION(#511,#508);
#507=PROPERTY_DEFINITION_REPRESENTATION(#512,#509);
#508=REPRESENTATION('material name',(#510),#1664);
#509=REPRESENTATION('density',(#505),#1664);
#510=DESCRIPTIVE_REPRESENTATION_ITEM('Acier','Acier');
#511=PROPERTY_DEFINITION('material property','material name',#1674);
#512=PROPERTY_DEFINITION('material property','density of part',#1674);
#513=AXIS2_PLACEMENT_3D('',#640,#549,#550);
#514=AXIS2_PLACEMENT_3D('',#671,#551,#552);
#515=AXIS2_PLACEMENT_3D('',#678,#553,#554);
#516=AXIS2_PLACEMENT_3D('',#770,#555,#556);
#517=AXIS2_PLACEMENT_3D('',#777,#557,#558);
#518=AXIS2_PLACEMENT_3D('',#853,#559,#560);
#519=AXIS2_PLACEMENT_3D('',#857,#562,#563);
#520=AXIS2_PLACEMENT_3D('',#939,#565,#566);
#521=AXIS2_PLACEMENT_3D('',#943,#568,#569);
#522=AXIS2_PLACEMENT_3D('',#945,#571,#572);
#523=AXIS2_PLACEMENT_3D('',#954,#575,#576);
#524=AXIS2_PLACEMENT_3D('',#955,#577,#578);
#525=AXIS2_PLACEMENT_3D('',#956,#579,#580);
#526=AXIS2_PLACEMENT_3D('',#960,#582,#583);
#527=AXIS2_PLACEMENT_3D('',#962,#584,#585);
#528=AXIS2_PLACEMENT_3D('',#964,#586,#587);
#529=AXIS2_PLACEMENT_3D('',#968,#589,#590);
#530=AXIS2_PLACEMENT_3D('',#972,#592,#593);
#531=AXIS2_PLACEMENT_3D('',#975,#595,#596);
#532=AXIS2_PLACEMENT_3D('',#1006,#597,#598);
#533=AXIS2_PLACEMENT_3D('',#1058,#599,#600);
#534=AXIS2_PLACEMENT_3D('',#1074,#601,#602);
#535=AXIS2_PLACEMENT_3D('',#1132,#604,#605);
#536=AXIS2_PLACEMENT_3D('',#1268,#608,#609);
#537=AXIS2_PLACEMENT_3D('',#1269,#610,#611);
#538=AXIS2_PLACEMENT_3D('',#1314,#613,#614);
#539=AXIS2_PLACEMENT_3D('',#1345,#616,#617);
#540=AXIS2_PLACEMENT_3D('',#1352,#618,#619);
#541=AXIS2_PLACEMENT_3D('',#1471,#620,#621);
#542=AXIS2_PLACEMENT_3D('',#1558,#622,#623);
#543=AXIS2_PLACEMENT_3D('',#1620,#624,#625);
#544=AXIS2_PLACEMENT_3D('',#1655,#628,#629);
#545=AXIS2_PLACEMENT_3D('',#1656,#630,#631);
#546=AXIS2_PLACEMENT_3D('',#1658,#633,#634);
#547=AXIS2_PLACEMENT_3D('',#1660,#636,#637);
#548=AXIS2_PLACEMENT_3D('',#1661,#638,#639);
#549=DIRECTION('axis',(0.,0.,1.));
#550=DIRECTION('refdir',(1.,0.,0.));
#551=DIRECTION('center_axis',(-0.273513111671422,0.725857491274892,0.631127150504505));
#552=DIRECTION('ref_axis',(-0.0228929269015407,-0.66087377339489,0.750147831788295));
#553=DIRECTION('center_axis',(-0.732446456300989,0.521785208165382,0.437335552170107));
#554=DIRECTION('ref_axis',(-0.0228929269058049,-0.66087377338266,0.75014783179894));
#555=DIRECTION('center_axis',(0.273513111671721,-0.725857491274854,-0.631127150504419));
#556=DIRECTION('ref_axis',(0.70543126667339,0.597423868177615,-0.381380977149192));
#557=DIRECTION('center_axis',(-0.264689938407099,-0.71956139686871,-0.642005165588562));
#558=DIRECTION('ref_axis',(0.804302285060049,0.20255806168135,-0.558630527177917));
#559=DIRECTION('center_axis',(0.961595804713027,0.190726919964036,0.197374644671849));
#560=DIRECTION('ref_axis',(0.146685552580532,-0.964913682330073,0.217772666596071));
#561=DIRECTION('',(-0.961595804713027,-0.190726919964034,-0.197374644671851));
#562=DIRECTION('center_axis',(0.96159580471303,0.190726919964025,0.197374644671843));
#563=DIRECTION('ref_axis',(0.146685552580532,-0.964913682330073,0.217772666596071));
#564=DIRECTION('',(0.961595804713027,0.190726919964036,0.197374644671849));
#565=DIRECTION('center_axis',(-0.961595804713027,-0.190726919964036,-0.197374644671849));
#566=DIRECTION('ref_axis',(-0.183208460148526,-0.0894308252092343,0.978997848635226));
#567=DIRECTION('',(-0.961595804713027,-0.190726919964036,-0.197374644671849));
#568=DIRECTION('center_axis',(0.96159580471303,0.190726919964025,0.197374644671843));
#569=DIRECTION('ref_axis',(-0.183208460148526,-0.0894308252092343,0.978997848635226));
#570=DIRECTION('',(0.961595804713027,0.190726919964034,0.197374644671851));
#571=DIRECTION('center_axis',(0.0228929269013862,0.660873773394847,-0.750147831788338));
#572=DIRECTION('ref_axis',(0.27351311167143,-0.725857491274901,-0.631127150504492));
#573=DIRECTION('',(0.273513111671428,-0.725857491274902,-0.631127150504492));
#574=DIRECTION('',(-0.96159580471303,-0.190726919964025,-0.197374644671844));
#575=DIRECTION('center_axis',(0.961595804713027,0.190726919964036,0.197374644671849));
#576=DIRECTION('ref_axis',(-0.262065561470673,0.851746450411436,0.453706541392759));
#577=DIRECTION('center_axis',(0.96159580471303,0.190726919964025,0.197374644671843));
#578=DIRECTION('ref_axis',(-0.262065561470673,0.851746450411436,0.453706541392759));
#579=DIRECTION('center_axis',(0.96159580471303,0.190726919964025,0.197374644671843));
#580=DIRECTION('ref_axis',(0.201065578609699,0.,-0.979577783077151));
#581=DIRECTION('',(0.273513111671428,-0.725857491274902,-0.631127150504492));
#582=DIRECTION('center_axis',(0.96159580471303,0.190726919964025,0.197374644671843));
#583=DIRECTION('ref_axis',(-0.183414707737183,-0.0884438036599491,0.979048894887198));
#584=DIRECTION('center_axis',(0.96159580471303,0.190726919964025,0.197374644671843));
#585=DIRECTION('ref_axis',(-0.247016942581326,0.914856391137648,0.319406345698348));
#586=DIRECTION('center_axis',(0.96159580471303,0.190726919964025,0.197374644671843));
#587=DIRECTION('ref_axis',(-0.124401622409213,-0.338147501361001,0.932834660411623));
#588=DIRECTION('',(-0.0228929269013872,-0.660873773394846,0.750147831788338));
#589=DIRECTION('center_axis',(0.96159580471303,0.190726919964025,0.197374644671843));
#590=DIRECTION('ref_axis',(-0.177215232153106,0.980567080931378,-0.0841603308372594));
#591=DIRECTION('',(-0.273513111671428,0.725857491274902,0.631127150504492));
#592=DIRECTION('center_axis',(0.96159580471303,0.190726919964025,0.197374644671843));
#593=DIRECTION('ref_axis',(0.209590719859432,-0.0459504275796506,-0.976708906662601));
#594=DIRECTION('',(0.0228929269013871,0.660873773394847,-0.750147831788338));
#595=DIRECTION('center_axis',(0.96159580471303,0.190726919964025,0.197374644671843));
#596=DIRECTION('ref_axis',(0.17721523215311,-0.980567080931377,0.0841603308372615));
#597=DIRECTION('center_axis',(0.273513111670992,-0.725857491274896,-0.631127150504688));
#598=DIRECTION('ref_axis',(0.0228929269013629,0.660873773394952,-0.750147831788246));
#599=DIRECTION('center_axis',(0.273513111671376,-0.725857491275102,-0.631127150504284));
#600=DIRECTION('ref_axis',(0.705431266673713,0.597423868177188,-0.381380977149263));
#601=DIRECTION('center_axis',(0.96159580471303,0.190726919964025,0.197374644671844));
#602=DIRECTION('ref_axis',(0.17721523215311,-0.980567080931377,0.0841603308372615));
#603=DIRECTION('',(0.96159580471303,0.190726919964025,0.197374644671844));
#604=DIRECTION('center_axis',(-0.96159580471303,-0.190726919964025,-0.197374644671844));
#605=DIRECTION('ref_axis',(0.209590719859432,-0.0459504275796506,-0.976708906662601));
#606=DIRECTION('',(-0.96159580471303,-0.190726919964025,-0.197374644671844));
#607=DIRECTION('',(0.96159580471303,0.190726919964025,0.197374644671844));
#608=DIRECTION('center_axis',(-0.273513111671526,0.725857491274792,0.631127150504575));
#609=DIRECTION('ref_axis',(0.857945663649567,-0.112554887165604,0.501259050392153));
#610=DIRECTION('center_axis',(-0.0228929269013864,-0.660873773394847,0.750147831788338));
#611=DIRECTION('ref_axis',(-0.273513111671428,0.725857491274902,0.631127150504492));
#612=DIRECTION('',(-0.96159580471303,-0.190726919964025,-0.197374644671844));
#613=DIRECTION('center_axis',(-0.96159580471303,-0.190726919964025,-0.197374644671844));
#614=DIRECTION('ref_axis',(-0.177215232153106,0.980567080931378,-0.0841603308372594));
#615=DIRECTION('',(0.96159580471303,0.190726919964025,0.197374644671844));
#616=DIRECTION('center_axis',(-0.273513111671415,0.72585749127492,0.631127150504476));
#617=DIRECTION('ref_axis',(-0.0228929269013623,-0.660873773394823,0.750147831788359));
#618=DIRECTION('center_axis',(-0.729977878273617,0.523734992589954,0.439128631232295));
#619=DIRECTION('ref_axis',(-0.0228929269045631,-0.660873773386572,0.750147831795531));
#620=DIRECTION('center_axis',(-0.241919022692378,-0.115805052462682,-0.963360979219981));
#621=DIRECTION('ref_axis',(0.802882458492789,0.533618210811266,-0.265765616540513));
#622=DIRECTION('center_axis',(0.521536665041479,-0.43940849131559,0.731382037499671));
#623=DIRECTION('ref_axis',(0.808201759934521,0.529198526188372,-0.258377311540308));
#624=DIRECTION('center_axis',(-0.961595804713027,-0.190726919964036,-0.197374644671849));
#625=DIRECTION('ref_axis',(-0.183414707737183,-0.0884438036599491,0.979048894887198));
#626=DIRECTION('',(-0.961595804713027,-0.190726919964036,-0.197374644671849));
#627=DIRECTION('',(0.961595804713027,0.190726919964034,0.197374644671851));
#628=DIRECTION('center_axis',(0.0228929269013862,0.660873773394847,-0.750147831788338));
#629=DIRECTION('ref_axis',(0.27351311167143,-0.725857491274901,-0.631127150504492));
#630=DIRECTION('center_axis',(0.961595804713027,0.190726919964036,0.197374644671849));
#631=DIRECTION('ref_axis',(-0.247016942581326,0.914856391137648,0.319406345698348));
#632=DIRECTION('',(0.961595804713027,0.190726919964036,0.197374644671849));
#633=DIRECTION('center_axis',(0.961595804713027,0.190726919964036,0.197374644671849));
#634=DIRECTION('ref_axis',(-0.124401622409213,-0.338147501361001,0.932834660411623));
#635=DIRECTION('',(-0.96159580471303,-0.190726919964027,-0.197374644671841));
#636=DIRECTION('center_axis',(0.273513111671429,-0.725857491274902,-0.63112715050449));
#637=DIRECTION('ref_axis',(-0.0228929269013879,-0.660873773394846,0.750147831788339));
#638=DIRECTION('center_axis',(-0.273513111671429,0.725857491274901,0.631127150504491));
#639=DIRECTION('ref_axis',(0.022892926901386,0.660873773394846,-0.750147831788338));
#640=CARTESIAN_POINT('',(0.,0.,0.));
#641=CARTESIAN_POINT('Ctrl Pts',(-172.181955494557,-53.6434328143317,50.3952603194018));
#642=CARTESIAN_POINT('Ctrl Pts',(-172.176046745509,-53.6476421293274,50.3917322717124));
#643=CARTESIAN_POINT('Ctrl Pts',(-172.171295670722,-53.6528851242247,50.3872582311679));
#644=CARTESIAN_POINT('Ctrl Pts',(-172.169089201806,-53.6587407191612,50.3821668392746));
#645=CARTESIAN_POINT('Ctrl Pts',(-172.153714965701,-53.6210446077266,50.4158459777041));
#646=CARTESIAN_POINT('Ctrl Pts',(-172.14249093891,-53.6276724534638,50.4103782239458));
#647=CARTESIAN_POINT('Ctrl Pts',(-172.13157039295,-53.6374399750434,50.4020621326021));
#648=CARTESIAN_POINT('Ctrl Pts',(-172.126191225784,-53.6502321557925,50.3909719658496));
#649=CARTESIAN_POINT('Ctrl Pts',(-172.096666241267,-53.5586297046676,50.4369235297502));
#650=CARTESIAN_POINT('Ctrl Pts',(-172.074733009595,-53.5688544472927,50.4261664978843));
#651=CARTESIAN_POINT('Ctrl Pts',(-172.051546899606,-53.5865467043851,50.4089967755082));
#652=CARTESIAN_POINT('Ctrl Pts',(-172.039778784561,-53.6126993251707,50.3852543373389));
#653=CARTESIAN_POINT('Ctrl Pts',(-172.050716808741,-53.4659804509058,50.4033394521132));
#654=CARTESIAN_POINT('Ctrl Pts',(-172.022052945149,-53.4779163617487,50.3844745300059));
#655=CARTESIAN_POINT('Ctrl Pts',(-171.992043314789,-53.500205141169,50.3572789036078));
#656=CARTESIAN_POINT('Ctrl Pts',(-171.976817825852,-53.5350054721391,50.3231844081852));
#657=CARTESIAN_POINT('Ctrl Pts',(-172.036305056062,-53.3879606514056,50.334390700993));
#658=CARTESIAN_POINT('Ctrl Pts',(-172.008528893632,-53.4006375555247,50.3091061629698));
#659=CARTESIAN_POINT('Ctrl Pts',(-171.981010988963,-53.4236843885801,50.2764879723843));
#660=CARTESIAN_POINT('Ctrl Pts',(-171.9672667774,-53.45894641815,50.2398482736307));
#661=CARTESIAN_POINT('Ctrl Pts',(-172.047716237147,-53.3569179130624,50.2782422339559));
#662=CARTESIAN_POINT('Ctrl Pts',(-172.024899001509,-53.369864338781,50.2511188324036));
#663=CARTESIAN_POINT('Ctrl Pts',(-172.004386349504,-53.3913606394331,50.2191243842299));
#664=CARTESIAN_POINT('Ctrl Pts',(-171.99425402867,-53.4222893448468,50.18599354989));
#665=CARTESIAN_POINT('Ctrl Pts',(-172.063071209383,-53.3471980036058,50.240929008679));
#666=CARTESIAN_POINT('Ctrl Pts',(-172.045024987265,-53.3604731452271,50.2141644172049));
#667=CARTESIAN_POINT('Ctrl Pts',(-172.030400220161,-53.3805357071426,50.184540845288));
#668=CARTESIAN_POINT('Ctrl Pts',(-172.023424363091,-53.4070811908467,50.1558610774871));
#669=CARTESIAN_POINT('',(-172.169089201806,-53.6587407191612,50.3821668392746));
#670=CARTESIAN_POINT('',(-172.023424363091,-53.4070811908467,50.1558610774871));
#671=CARTESIAN_POINT('Origin',(-172.164510616426,-53.5265659644822,50.2321372729169));
#672=CARTESIAN_POINT('',(-172.063071209383,-53.3471980036058,50.240929008679));
#673=CARTESIAN_POINT('Ctrl Pts',(-172.023424363091,-53.4070811908467,50.1558610774871));
#674=CARTESIAN_POINT('Ctrl Pts',(-172.030400220161,-53.3805357071426,50.184540845288));
#675=CARTESIAN_POINT('Ctrl Pts',(-172.045024987265,-53.3604731452271,50.2141644172049));
#676=CARTESIAN_POINT('Ctrl Pts',(-172.063071209383,-53.3471980036058,50.240929008679));
#677=CARTESIAN_POINT('',(-172.181955494558,-53.6434328143292,50.3952603194039));
#678=CARTESIAN_POINT('Origin',(-172.177376909177,-53.5112580596527,50.2452307530441));
#679=CARTESIAN_POINT('Ctrl Pts',(-172.181955494557,-53.6434328143317,50.3952603194018));
#680=CARTESIAN_POINT('Ctrl Pts',(-172.176046745509,-53.6476421293274,50.3917322717124));
#681=CARTESIAN_POINT('Ctrl Pts',(-172.171295670722,-53.6528851242247,50.3872582311679));
#682=CARTESIAN_POINT('Ctrl Pts',(-172.169089201806,-53.6587407191612,50.3821668392746));
#683=CARTESIAN_POINT('Ctrl Pts',(-172.349995951384,-53.369771782044,50.3888121934921));
#684=CARTESIAN_POINT('Ctrl Pts',(-172.349660186038,-53.3702775728214,50.3892465187426));
#685=CARTESIAN_POINT('Ctrl Pts',(-172.349324290037,-53.3707835849142,50.3896800838072));
#686=CARTESIAN_POINT('Ctrl Pts',(-172.323548332077,-53.4096813346601,50.4222766524475));
#687=CARTESIAN_POINT('Ctrl Pts',(-172.284018825313,-53.4710242820298,50.4513843099684));
#688=CARTESIAN_POINT('Ctrl Pts',(-172.224004955641,-53.5699954222051,50.4399879724205));
#689=CARTESIAN_POINT('Ctrl Pts',(-172.196188769826,-53.6177945607831,50.417413030282));
#690=CARTESIAN_POINT('Ctrl Pts',(-172.181955494558,-53.6434328143292,50.3952603194039));
#691=CARTESIAN_POINT('Ctrl Pts',(-172.349995951384,-53.369771782044,50.3888121934921));
#692=CARTESIAN_POINT('Ctrl Pts',(-172.349587557852,-53.3701219533984,50.3891662201374));
#693=CARTESIAN_POINT('Ctrl Pts',(-172.349205718584,-53.37045381853,50.3895164662518));
#694=CARTESIAN_POINT('Ctrl Pts',(-172.318117425031,-53.39726688907,50.4161438956363));
#695=CARTESIAN_POINT('Ctrl Pts',(-172.276923197738,-53.4351155928466,50.4456774431593));
#696=CARTESIAN_POINT('Ctrl Pts',(-172.203416287566,-53.513523429302,50.4626261516705));
#697=CARTESIAN_POINT('Ctrl Pts',(-172.158447227222,-53.5621796567474,50.4575688014201));
#698=CARTESIAN_POINT('Ctrl Pts',(-172.125474436847,-53.5986564011184,50.436431636008));
#699=CARTESIAN_POINT('Ctrl Pts',(-172.349995951384,-53.369771782044,50.3888121934921));
#700=CARTESIAN_POINT('Ctrl Pts',(-172.349466104465,-53.3698376857598,50.3890273146378));
#701=CARTESIAN_POINT('Ctrl Pts',(-172.348991618182,-53.3698912695803,50.3892270625114));
#702=CARTESIAN_POINT('Ctrl Pts',(-172.308838235903,-53.3749686296571,50.4053364254921));
#703=CARTESIAN_POINT('Ctrl Pts',(-172.260584289793,-53.3800746312399,50.4258555254659));
#704=CARTESIAN_POINT('Ctrl Pts',(-172.160050434268,-53.3998277027053,50.4495083375145));
#705=CARTESIAN_POINT('Ctrl Pts',(-172.087833437833,-53.4220393946733,50.4531403782705));
#706=CARTESIAN_POINT('Ctrl Pts',(-172.02831986263,-53.4562198912724,50.4292043700645));
#707=CARTESIAN_POINT('Ctrl Pts',(-172.349995951384,-53.369771782044,50.3888121934921));
#708=CARTESIAN_POINT('Ctrl Pts',(-172.349363470443,-53.3695529870041,50.3888784164107));
#709=CARTESIAN_POINT('Ctrl Pts',(-172.348754889526,-53.3693304718062,50.3889472106692));
#710=CARTESIAN_POINT('Ctrl Pts',(-172.300546216368,-53.3528725147484,50.3936139355125));
#711=CARTESIAN_POINT('Ctrl Pts',(-172.235503178588,-53.3355661076289,50.3915082149574));
#712=CARTESIAN_POINT('Ctrl Pts',(-172.130936255141,-53.3333794464703,50.3561882153826));
#713=CARTESIAN_POINT('Ctrl Pts',(-172.074773453299,-53.3436546957556,50.3265368530587));
#714=CARTESIAN_POINT('Ctrl Pts',(-172.040038751029,-53.3617778677901,50.2968988465945));
#715=CARTESIAN_POINT('Ctrl Pts',(-172.349995951384,-53.3697717820439,50.3888121934921));
#716=CARTESIAN_POINT('Ctrl Pts',(-172.349322779058,-53.3694308711382,50.388817970596));
#717=CARTESIAN_POINT('Ctrl Pts',(-172.348649604741,-53.3690904548537,50.3888229805899));
#718=CARTESIAN_POINT('Ctrl Pts',(-172.29714902767,-53.3434347432548,50.388732285621));
#719=CARTESIAN_POINT('Ctrl Pts',(-172.223297928248,-53.3184799514463,50.3731996992774));
#720=CARTESIAN_POINT('Ctrl Pts',(-172.124157276731,-53.3201387819461,50.3103540633926));
#721=CARTESIAN_POINT('Ctrl Pts',(-172.08216033275,-53.333155684141,50.2692403408321));
#722=CARTESIAN_POINT('Ctrl Pts',(-172.063071209383,-53.3471980036058,50.240929008679));
#723=CARTESIAN_POINT('',(-172.349995951384,-53.3697717820439,50.3888121934921));
#724=CARTESIAN_POINT('Ctrl Pts',(-172.063071209383,-53.3471980036058,50.240929008679));
#725=CARTESIAN_POINT('Ctrl Pts',(-172.08216033275,-53.333155684141,50.2692403408321));
#726=CARTESIAN_POINT('Ctrl Pts',(-172.124157276731,-53.3201387819461,50.3103540633926));
#727=CARTESIAN_POINT('Ctrl Pts',(-172.223297928248,-53.3184799514463,50.3731996992774));
#728=CARTESIAN_POINT('Ctrl Pts',(-172.29714902767,-53.3434347432548,50.388732285621));
#729=CARTESIAN_POINT('Ctrl Pts',(-172.348649604741,-53.3690904548537,50.3888229805899));
#730=CARTESIAN_POINT('Ctrl Pts',(-172.349322779058,-53.3694308711382,50.388817970596));
#731=CARTESIAN_POINT('Ctrl Pts',(-172.349995951384,-53.3697717820439,50.3888121934921));
#732=CARTESIAN_POINT('Ctrl Pts',(-172.349995951384,-53.369771782044,50.3888121934921));
#733=CARTESIAN_POINT('Ctrl Pts',(-172.349660186038,-53.3702775728214,50.3892465187426));
#734=CARTESIAN_POINT('Ctrl Pts',(-172.349324290037,-53.3707835849142,50.3896800838072));
#735=CARTESIAN_POINT('Ctrl Pts',(-172.323548332077,-53.4096813346601,50.4222766524475));
#736=CARTESIAN_POINT('Ctrl Pts',(-172.284018825313,-53.4710242820298,50.4513843099684));
#737=CARTESIAN_POINT('Ctrl Pts',(-172.224004955641,-53.5699954222051,50.4399879724205));
#738=CARTESIAN_POINT('Ctrl Pts',(-172.196188769826,-53.6177945607831,50.417413030282));
#739=CARTESIAN_POINT('Ctrl Pts',(-172.181955494558,-53.6434328143292,50.3952603194039));
#740=CARTESIAN_POINT('Ctrl Pts',(-173.855078536159,-48.5915139539049,54.375957384174));
#741=CARTESIAN_POINT('Ctrl Pts',(-173.854243728163,-48.5591129164214,54.3889078567598));
#742=CARTESIAN_POINT('Ctrl Pts',(-173.860000538333,-48.5250862229524,54.4063144499017));
#743=CARTESIAN_POINT('Ctrl Pts',(-173.874510124502,-48.49461297789,54.4272120002993));
#744=CARTESIAN_POINT('Ctrl Pts',(-173.832998240708,-48.6190817325426,54.3977520332094));
#745=CARTESIAN_POINT('Ctrl Pts',(-173.828141902149,-48.5844877332523,54.4119543956421));
#746=CARTESIAN_POINT('Ctrl Pts',(-173.830239456334,-48.5458079900294,54.4322953360816));
#747=CARTESIAN_POINT('Ctrl Pts',(-173.845339790082,-48.5098211318901,54.4573444727022));
#748=CARTESIAN_POINT('Ctrl Pts',(-173.810382050825,-48.6795908134335,54.4562464548686));
#749=CARTESIAN_POINT('Ctrl Pts',(-173.798790349165,-48.6446007984391,54.4729627658083));
#750=CARTESIAN_POINT('Ctrl Pts',(-173.794061930623,-48.6014187655955,54.4981957067358));
#751=CARTESIAN_POINT('Ctrl Pts',(-173.808982626855,-48.5587668347927,54.5293929750158));
#752=CARTESIAN_POINT('Ctrl Pts',(-173.846377350922,-48.7402094357693,54.5390283656373));
#753=CARTESIAN_POINT('Ctrl Pts',(-173.83338813262,-48.7128530399872,54.5558652628871));
#754=CARTESIAN_POINT('Ctrl Pts',(-173.825907474115,-48.6769627729986,54.5806410614033));
#755=CARTESIAN_POINT('Ctrl Pts',(-173.837799918228,-48.6396347345009,54.6099102903189));
#756=CARTESIAN_POINT('Ctrl Pts',(-173.920299998795,-48.7729500020432,54.6062013901341));
#757=CARTESIAN_POINT('Ctrl Pts',(-173.910934828228,-48.756171883739,54.6194486419609));
#758=CARTESIAN_POINT('Ctrl Pts',(-173.905265628219,-48.7336694571012,54.6377281818694));
#759=CARTESIAN_POINT('Ctrl Pts',(-173.912777003901,-48.7096116720652,54.6578975593134));
#760=CARTESIAN_POINT('Ctrl Pts',(-173.980505778153,-48.7730510760561,54.6311366925982));
#761=CARTESIAN_POINT('Ctrl Pts',(-173.975438911056,-48.7632177684359,54.6399944814452));
#762=CARTESIAN_POINT('Ctrl Pts',(-173.972941224869,-48.7507998887177,54.6509517558958));
#763=CARTESIAN_POINT('Ctrl Pts',(-173.977276987195,-48.7377639428359,54.6623228886619));
#764=CARTESIAN_POINT('Ctrl Pts',(-174.020517578551,-48.7642003209201,54.6377130559673));
#765=CARTESIAN_POINT('Ctrl Pts',(-174.018382287421,-48.7583955174667,54.6428922023451));
#766=CARTESIAN_POINT('Ctrl Pts',(-174.017968494301,-48.752128101141,54.6484263701935));
#767=CARTESIAN_POINT('Ctrl Pts',(-174.020174963217,-48.7462725062045,54.6535177620868));
#768=CARTESIAN_POINT('',(-173.874510124502,-48.49461297789,54.4272120002993));
#769=CARTESIAN_POINT('',(-174.020174963217,-48.7462725062045,54.6535177620868));
#770=CARTESIAN_POINT('Origin',(-174.015596377837,-48.6140977515255,54.5034881957292));
#771=CARTESIAN_POINT('',(-174.020517578551,-48.7642003209225,54.6377130559652));
#772=CARTESIAN_POINT('Ctrl Pts',(-174.020174963217,-48.7462725062045,54.6535177620868));
#773=CARTESIAN_POINT('Ctrl Pts',(-174.017968494301,-48.752128101141,54.6484263701935));
#774=CARTESIAN_POINT('Ctrl Pts',(-174.018382287421,-48.7583955174667,54.6428922023451));
#775=CARTESIAN_POINT('Ctrl Pts',(-174.020517578551,-48.7642003209201,54.6377130559673));
#776=CARTESIAN_POINT('',(-173.855078536159,-48.5915139539049,54.375957384174));
#777=CARTESIAN_POINT('Origin',(-174.015938993171,-48.6320255662411,54.4876834896096));
#778=CARTESIAN_POINT('Ctrl Pts',(-173.855078536159,-48.5915139539049,54.375957384174));
#779=CARTESIAN_POINT('Ctrl Pts',(-173.854243728163,-48.5591129164214,54.3889078567598));
#780=CARTESIAN_POINT('Ctrl Pts',(-173.860000538333,-48.5250862229524,54.4063144499017));
#781=CARTESIAN_POINT('Ctrl Pts',(-173.874510124502,-48.49461297789,54.4272120002993));
#782=CARTESIAN_POINT('Ctrl Pts',(-174.056981494444,-48.8397211517232,54.3276541567179));
#783=CARTESIAN_POINT('Ctrl Pts',(-174.056271683732,-48.8394774728577,54.327575391356));
#784=CARTESIAN_POINT('Ctrl Pts',(-174.0555627026,-48.8392313674549,54.3274977157248));
#785=CARTESIAN_POINT('Ctrl Pts',(-174.037093252479,-48.8327433129952,54.3255028157262));
#786=CARTESIAN_POINT('Ctrl Pts',(-174.002267514291,-48.8170169111496,54.3230320988484));
#787=CARTESIAN_POINT('Ctrl Pts',(-173.953505617278,-48.7835795079408,54.3239357818707));
#788=CARTESIAN_POINT('Ctrl Pts',(-173.909492399248,-48.7392566947582,54.3303331173383));
#789=CARTESIAN_POINT('Ctrl Pts',(-173.872378346106,-48.6805985522226,54.3443057852028));
#790=CARTESIAN_POINT('Ctrl Pts',(-173.855961588175,-48.6257874654273,54.3622584965498));
#791=CARTESIAN_POINT('Ctrl Pts',(-173.855078536159,-48.5915139539049,54.375957384174));
#792=CARTESIAN_POINT('Ctrl Pts',(-174.056981494444,-48.8397211517233,54.3276541567179));
#793=CARTESIAN_POINT('Ctrl Pts',(-174.056362552017,-48.8395693421896,54.3277173704284));
#794=CARTESIAN_POINT('Ctrl Pts',(-174.055742868842,-48.839415649699,54.3277817273412));
#795=CARTESIAN_POINT('Ctrl Pts',(-174.039623839295,-48.8353904799647,54.329457415228));
#796=CARTESIAN_POINT('Ctrl Pts',(-174.008794182117,-48.8260230505912,54.3333811149501));
#797=CARTESIAN_POINT('Ctrl Pts',(-173.962806830345,-48.8065144626776,54.3414064900337));
#798=CARTESIAN_POINT('Ctrl Pts',(-173.915736869636,-48.7793487715795,54.3525813527667));
#799=CARTESIAN_POINT('Ctrl Pts',(-173.865838097489,-48.7391745152508,54.3698532333767));
#800=CARTESIAN_POINT('Ctrl Pts',(-173.826848880554,-48.6911524553527,54.3939820777295));
#801=CARTESIAN_POINT('Ctrl Pts',(-173.810917945258,-48.6466495111811,54.4195466822437));
#802=CARTESIAN_POINT('Ctrl Pts',(-174.056981494444,-48.8397211517233,54.3276541567179));
#803=CARTESIAN_POINT('Ctrl Pts',(-174.056521279959,-48.8397296425218,54.3279657154916));
#804=CARTESIAN_POINT('Ctrl Pts',(-174.056058918336,-48.839737391073,54.3282794407826));
#805=CARTESIAN_POINT('Ctrl Pts',(-174.044063368109,-48.8399462982571,54.3364073505266));
#806=CARTESIAN_POINT('Ctrl Pts',(-174.020770507721,-48.8400562765932,54.3523691953774));
#807=CARTESIAN_POINT('Ctrl Pts',(-173.984622393841,-48.839202038444,54.3779772794313));
#808=CARTESIAN_POINT('Ctrl Pts',(-173.944386296321,-48.8365500569317,54.4081060080081));
#809=CARTESIAN_POINT('Ctrl Pts',(-173.895849397797,-48.8280391573427,54.448619791816));
#810=CARTESIAN_POINT('Ctrl Pts',(-173.845861161374,-48.8054354011059,54.4998206862186));
#811=CARTESIAN_POINT('Ctrl Pts',(-173.818638463492,-48.7598310701926,54.5495839914008));
#812=CARTESIAN_POINT('Ctrl Pts',(-174.056981494444,-48.8397211517233,54.3276541567179));
#813=CARTESIAN_POINT('Ctrl Pts',(-174.056679143171,-48.8398899281699,54.3282148849451));
#814=CARTESIAN_POINT('Ctrl Pts',(-174.056376655294,-48.8400570131431,54.3287771441082));
#815=CARTESIAN_POINT('Ctrl Pts',(-174.048515961823,-48.844378497924,54.3434347348234));
#816=CARTESIAN_POINT('Ctrl Pts',(-174.033788729038,-48.8508835790479,54.372718917567));
#817=CARTESIAN_POINT('Ctrl Pts',(-174.01313696105,-48.8548503206331,54.420203184819));
#818=CARTESIAN_POINT('Ctrl Pts',(-173.99382325492,-48.8516926046695,54.4730756526755));
#819=CARTESIAN_POINT('Ctrl Pts',(-173.975860275211,-48.8372791832252,54.5351941057072));
#820=CARTESIAN_POINT('Ctrl Pts',(-173.963805373669,-48.8101276517214,54.5914381302395));
#821=CARTESIAN_POINT('Ctrl Pts',(-173.960499877953,-48.7774764536264,54.6278485109109));
#822=CARTESIAN_POINT('Ctrl Pts',(-174.056981494444,-48.8397211517233,54.3276541567179));
#823=CARTESIAN_POINT('Ctrl Pts',(-174.056746848971,-48.8399585874895,54.3283218144776));
#824=CARTESIAN_POINT('Ctrl Pts',(-174.056512908588,-48.8401936167049,54.3289904637032));
#825=CARTESIAN_POINT('Ctrl Pts',(-174.050430847391,-48.8462559621608,54.346459667134));
#826=CARTESIAN_POINT('Ctrl Pts',(-174.039517384591,-48.8549464426002,54.3816853557062));
#827=CARTESIAN_POINT('Ctrl Pts',(-174.026087658665,-48.8581144398732,54.4385742929814));
#828=CARTESIAN_POINT('Ctrl Pts',(-174.016322141586,-48.8497399143662,54.4994132401701));
#829=CARTESIAN_POINT('Ctrl Pts',(-174.011744658368,-48.8255871259796,54.5651190289876));
#830=CARTESIAN_POINT('Ctrl Pts',(-174.014793213033,-48.7915262670933,54.6138138284836));
#831=CARTESIAN_POINT('Ctrl Pts',(-174.020517578551,-48.7642003209224,54.6377130559652));
#832=CARTESIAN_POINT('',(-174.056981494444,-48.8397211517233,54.3276541567179));
#833=CARTESIAN_POINT('Ctrl Pts',(-174.020517578551,-48.7642003209224,54.6377130559652));
#834=CARTESIAN_POINT('Ctrl Pts',(-174.014793213033,-48.7915262670933,54.6138138284836));
#835=CARTESIAN_POINT('Ctrl Pts',(-174.011744658368,-48.8255871259796,54.5651190289876));
#836=CARTESIAN_POINT('Ctrl Pts',(-174.016322141586,-48.8497399143662,54.4994132401701));
#837=CARTESIAN_POINT('Ctrl Pts',(-174.026087658665,-48.8581144398732,54.4385742929814));
#838=CARTESIAN_POINT('Ctrl Pts',(-174.039517384591,-48.8549464426002,54.3816853557062));
#839=CARTESIAN_POINT('Ctrl Pts',(-174.050430847391,-48.8462559621608,54.346459667134));
#840=CARTESIAN_POINT('Ctrl Pts',(-174.056512908588,-48.8401936167049,54.3289904637032));
#841=CARTESIAN_POINT('Ctrl Pts',(-174.056746848971,-48.8399585874895,54.3283218144776));
#842=CARTESIAN_POINT('Ctrl Pts',(-174.056981494444,-48.8397211517233,54.3276541567179));
#843=CARTESIAN_POINT('Ctrl Pts',(-174.056981494444,-48.8397211517232,54.3276541567179));
#844=CARTESIAN_POINT('Ctrl Pts',(-174.056271683732,-48.8394774728577,54.327575391356));
#845=CARTESIAN_POINT('Ctrl Pts',(-174.0555627026,-48.8392313674549,54.3274977157248));
#846=CARTESIAN_POINT('Ctrl Pts',(-174.037093252479,-48.8327433129952,54.3255028157262));
#847=CARTESIAN_POINT('Ctrl Pts',(-174.002267514291,-48.8170169111496,54.3230320988484));
#848=CARTESIAN_POINT('Ctrl Pts',(-173.953505617278,-48.7835795079408,54.3239357818707));
#849=CARTESIAN_POINT('Ctrl Pts',(-173.909492399248,-48.7392566947582,54.3303331173383));
#850=CARTESIAN_POINT('Ctrl Pts',(-173.872378346106,-48.6805985522226,54.3443057852028));
#851=CARTESIAN_POINT('Ctrl Pts',(-173.855961588175,-48.6257874654273,54.3622584965498));
#852=CARTESIAN_POINT('Ctrl Pts',(-173.855078536159,-48.5915139539049,54.375957384174));
#853=CARTESIAN_POINT('Origin',(-179.614022132795,-49.7095560549547,53.3008932192104));
#854=CARTESIAN_POINT('',(-179.619745364521,-49.8747744983035,53.4884301771575));
#855=CARTESIAN_POINT('',(-179.619745364521,-49.8747744983035,53.4884301771575));
#856=CARTESIAN_POINT('',(-179.549794118113,-49.9291885022641,53.2002137763294));
#857=CARTESIAN_POINT('Origin',(-179.614022132795,-49.7095560549547,53.3008932192104));
#858=CARTESIAN_POINT('',(-179.549794118113,-49.9291885022641,53.2002137763294));
#859=CARTESIAN_POINT('Ctrl Pts',(-173.986052781011,-48.8607774857172,54.4162884737403));
#860=CARTESIAN_POINT('Ctrl Pts',(-174.278362717085,-48.7727926457083,54.0584977531616));
#861=CARTESIAN_POINT('Ctrl Pts',(-174.778117621312,-48.6493032788525,53.2640921512967));
#862=CARTESIAN_POINT('Ctrl Pts',(-175.167832306779,-48.7839459909649,51.9151251292367));
#863=CARTESIAN_POINT('Ctrl Pts',(-175.144737279476,-49.3796350309646,50.6432389397851));
#864=CARTESIAN_POINT('Ctrl Pts',(-174.761334149889,-50.3968438385318,49.7581499930738));
#865=CARTESIAN_POINT('Ctrl Pts',(-174.105317353284,-51.6033112651743,49.4639160078338));
#866=CARTESIAN_POINT('Ctrl Pts',(-173.254812220852,-52.691981115039,49.74842887103));
#867=CARTESIAN_POINT('Ctrl Pts',(-172.604603923992,-53.2146651070671,50.1963259864725));
#868=CARTESIAN_POINT('Ctrl Pts',(-172.267439816456,-53.4216853241077,50.4506164205373));
#869=CARTESIAN_POINT('Ctrl Pts',(-173.954405529958,-48.8419106195956,54.3970986774239));
#870=CARTESIAN_POINT('Ctrl Pts',(-174.24351292758,-48.756223851457,54.0391090796953));
#871=CARTESIAN_POINT('Ctrl Pts',(-174.736635751484,-48.6384614399478,53.2462622572267));
#872=CARTESIAN_POINT('Ctrl Pts',(-175.119393054348,-48.7802215824962,51.9078375826569));
#873=CARTESIAN_POINT('Ctrl Pts',(-175.095246527577,-49.3750189898406,50.6494374576393));
#874=CARTESIAN_POINT('Ctrl Pts',(-174.715275466086,-50.3831303514453,49.7722786201422));
#875=CARTESIAN_POINT('Ctrl Pts',(-174.065166000506,-51.5776082078087,49.4757215256606));
#876=CARTESIAN_POINT('Ctrl Pts',(-173.221385354698,-52.6597510594678,49.7492170231212));
#877=CARTESIAN_POINT('Ctrl Pts',(-172.575083268975,-53.1839536921336,50.1892342059901));
#878=CARTESIAN_POINT('Ctrl Pts',(-172.239661399324,-53.3925512277714,50.4403538968974));
#879=CARTESIAN_POINT('Ctrl Pts',(-173.896780565923,-48.7859097950204,54.3678317718408));
#880=CARTESIAN_POINT('Ctrl Pts',(-174.179719342551,-48.7024642778048,54.0082012337335));
#881=CARTESIAN_POINT('Ctrl Pts',(-174.659776211822,-48.5914177188164,53.2145122443166));
#882=CARTESIAN_POINT('Ctrl Pts',(-175.027172528295,-48.7440417829725,51.8864313312314));
#883=CARTESIAN_POINT('Ctrl Pts',(-174.997789163555,-49.3406681952675,50.6429828953139));
#884=CARTESIAN_POINT('Ctrl Pts',(-174.620993279427,-50.3403604295808,49.7731700677635));
#885=CARTESIAN_POINT('Ctrl Pts',(-173.97978316467,-51.5233088658332,49.4700390032958));
#886=CARTESIAN_POINT('Ctrl Pts',(-173.148302925621,-52.6026444217285,49.726240265421));
#887=CARTESIAN_POINT('Ctrl Pts',(-172.51015918502,-53.1331942712321,50.1557177517555));
#888=CARTESIAN_POINT('Ctrl Pts',(-172.178526553072,-53.3458650363591,50.4029879939811));
#889=CARTESIAN_POINT('Ctrl Pts',(-173.839210542651,-48.6474245286937,54.3602304485394));
#890=CARTESIAN_POINT('Ctrl Pts',(-174.116389207503,-48.5604713830933,53.9949455846489));
#891=CARTESIAN_POINT('Ctrl Pts',(-174.583932107839,-48.4447871406517,53.1882688322257));
#892=CARTESIAN_POINT('Ctrl Pts',(-174.93281059338,-48.6013731743577,51.8373101879794));
#893=CARTESIAN_POINT('Ctrl Pts',(-174.888934942579,-49.2134386583791,50.5701148262491));
#894=CARTESIAN_POINT('Ctrl Pts',(-174.503071621789,-50.2372043629014,49.679364983802));
#895=CARTESIAN_POINT('Ctrl Pts',(-173.85987055147,-51.4484897918194,49.3619190303053));
#896=CARTESIAN_POINT('Ctrl Pts',(-173.034640511215,-52.5563545156683,49.6127427686059));
#897=CARTESIAN_POINT('Ctrl Pts',(-172.404500716588,-53.1035336069276,50.0447901473094));
#898=CARTESIAN_POINT('Ctrl Pts',(-172.077207007915,-53.323483594108,50.2944353454784));
#899=CARTESIAN_POINT('Ctrl Pts',(-173.850381390203,-48.5429386468132,54.3961413775606));
#900=CARTESIAN_POINT('Ctrl Pts',(-174.130169619787,-48.4497134323282,54.0256920265635));
#901=CARTESIAN_POINT('Ctrl Pts',(-174.603324503254,-48.3215489645837,53.2029860364815));
#902=CARTESIAN_POINT('Ctrl Pts',(-174.954669785623,-48.4709967150961,51.806455850059));
#903=CARTESIAN_POINT('Ctrl Pts',(-174.901613628289,-49.1022607727321,50.4854420597927));
#904=CARTESIAN_POINT('Ctrl Pts',(-174.498913041648,-50.1706542263086,49.5558443771592));
#905=CARTESIAN_POINT('Ctrl Pts',(-173.837307041672,-51.4359353835113,49.2286583978341));
#906=CARTESIAN_POINT('Ctrl Pts',(-172.997098724005,-52.5842058882157,49.4960509907476));
#907=CARTESIAN_POINT('Ctrl Pts',(-172.361626429238,-53.1431276370754,49.9448067718331));
#908=CARTESIAN_POINT('Ctrl Pts',(-172.032820999349,-53.3664362023202,50.2021497135419));
#909=CARTESIAN_POINT('Ctrl Pts',(-173.874510124502,-48.4946129778901,54.4272120002993));
#910=CARTESIAN_POINT('Ctrl Pts',(-174.157951469607,-48.3983504843732,54.0537301425186));
#911=CARTESIAN_POINT('Ctrl Pts',(-174.638775558834,-48.2637783228601,53.2211902806031));
#912=CARTESIAN_POINT('Ctrl Pts',(-174.996843381215,-48.4094266498223,51.7956978035653));
#913=CARTESIAN_POINT('Ctrl Pts',(-174.940682378717,-49.0522554882895,50.4407384393416));
#914=CARTESIAN_POINT('Ctrl Pts',(-174.527725839435,-50.147876237693,49.4874307225927));
#915=CARTESIAN_POINT('Ctrl Pts',(-173.852444876948,-51.446110920891,49.1555380542143));
#916=CARTESIAN_POINT('Ctrl Pts',(-172.998039953422,-52.6180752706881,49.4345457636917));
#917=CARTESIAN_POINT('Ctrl Pts',(-172.355177294252,-53.182607927324,49.8938574353485));
#918=CARTESIAN_POINT('Ctrl Pts',(-172.023424363091,-53.4070811908467,50.1558610774871));
#919=CARTESIAN_POINT('Ctrl Pts',(-172.023424363091,-53.4070811908467,50.1558610774871));
#920=CARTESIAN_POINT('Ctrl Pts',(-172.355177294252,-53.182607927324,49.8938574353485));
#921=CARTESIAN_POINT('Ctrl Pts',(-172.998039953422,-52.6180752706881,49.4345457636917));
#922=CARTESIAN_POINT('Ctrl Pts',(-173.852444876948,-51.446110920891,49.1555380542143));
#923=CARTESIAN_POINT('Ctrl Pts',(-174.527725839435,-50.147876237693,49.4874307225927));
#924=CARTESIAN_POINT('Ctrl Pts',(-174.940682378717,-49.0522554882895,50.4407384393416));
#925=CARTESIAN_POINT('Ctrl Pts',(-174.996843381215,-48.4094266498223,51.7956978035653));
#926=CARTESIAN_POINT('Ctrl Pts',(-174.638775558834,-48.2637783228601,53.2211902806031));
#927=CARTESIAN_POINT('Ctrl Pts',(-174.157951469607,-48.3983504843732,54.0537301425186));
#928=CARTESIAN_POINT('Ctrl Pts',(-173.874510124502,-48.4946129778901,54.4272120002993));
#929=CARTESIAN_POINT('Ctrl Pts',(-174.056968846296,-48.8397145065914,54.3276457731556));
#930=CARTESIAN_POINT('Ctrl Pts',(-174.318866816261,-48.7630419638307,53.9932982675361));
#931=CARTESIAN_POINT('Ctrl Pts',(-174.788750611061,-48.6529768755399,53.2272868856727));
#932=CARTESIAN_POINT('Ctrl Pts',(-175.167832306779,-48.7839459909649,51.9151251292367));
#933=CARTESIAN_POINT('Ctrl Pts',(-175.144737279476,-49.3796350309646,50.6432389397851));
#934=CARTESIAN_POINT('Ctrl Pts',(-174.761334149889,-50.3968438385318,49.7581499930738));
#935=CARTESIAN_POINT('Ctrl Pts',(-174.105317353284,-51.6033112651743,49.4639160078338));
#936=CARTESIAN_POINT('Ctrl Pts',(-173.278016844155,-52.6622785620443,49.7406664089779));
#937=CARTESIAN_POINT('Ctrl Pts',(-172.657684135814,-53.1715432504988,50.1600980791671));
#938=CARTESIAN_POINT('Ctrl Pts',(-172.34998331487,-53.3697616626956,50.3888039627361));
#939=CARTESIAN_POINT('Origin',(-177.775460048801,-54.5887885483673,49.0584404826441));
#940=CARTESIAN_POINT('',(-177.842808575053,-54.4592391325848,49.2613718131036));
#941=CARTESIAN_POINT('',(-177.842808575053,-54.4592391325848,49.2613718131036));
#942=CARTESIAN_POINT('',(-177.781183280526,-54.754006991716,49.2459774405911));
#943=CARTESIAN_POINT('Origin',(-177.775460048801,-54.5887885483673,49.0584404826441));
#944=CARTESIAN_POINT('',(-177.781183280526,-54.754006991716,49.2459774405911));
#945=CARTESIAN_POINT('Origin',(-183.709266033658,-39.021879018168,62.92493401081));
#946=CARTESIAN_POINT('',(-177.760355854804,-54.8092794533971,49.1979184873373));
#947=CARTESIAN_POINT('',(-177.691977576886,-54.9907438262158,49.0401366997111));
#948=CARTESIAN_POINT('',(-172.154523614792,-53.6973953210702,50.3485569791437));
#949=CARTESIAN_POINT('',(-177.760355854804,-54.8092794533971,49.1979184873373));
#950=CARTESIAN_POINT('Ctrl Pts',(-172.169089201806,-53.6587407191612,50.3821668392746));
#951=CARTESIAN_POINT('Ctrl Pts',(-172.164234006135,-53.6716255864642,50.3709635525643));
#952=CARTESIAN_POINT('Ctrl Pts',(-172.159378810464,-53.6845104537672,50.3597602658539));
#953=CARTESIAN_POINT('Ctrl Pts',(-172.154523614792,-53.6973953210703,50.3485569791436));
#954=CARTESIAN_POINT('Origin',(-178.716543055698,-52.7785521477951,51.8940664018785));
#955=CARTESIAN_POINT('Origin',(-178.716543055698,-52.7785521477951,51.8940664018785));
#956=CARTESIAN_POINT('Origin',(-180.448799609357,-39.7366999148486,47.7309092055888));
#957=CARTESIAN_POINT('',(-182.010968743307,-43.5288724967609,59.0061400523835));
#958=CARTESIAN_POINT('',(-177.691977576886,-54.9907438262158,49.0401366997111));
#959=CARTESIAN_POINT('',(-182.072620422916,-43.2336840254847,59.0212565256021));
#960=CARTESIAN_POINT('Origin',(-182.005245511582,-43.3636540534122,58.8186030944365));
#961=CARTESIAN_POINT('',(-183.486573762563,-38.5085538635307,61.3439564752738));
#962=CARTESIAN_POINT('Origin',(-182.921050469936,-41.5970143108749,61.57320437573));
#963=CARTESIAN_POINT('',(-183.66783328789,-37.825797138571,61.5672795467631));
#964=CARTESIAN_POINT('Origin',(-183.558428043222,-38.1161401350809,61.3148286865613));
#965=CARTESIAN_POINT('',(-183.211344873553,-24.6478744468301,46.6092186694136));
#966=CARTESIAN_POINT('',(-183.709266033658,-39.021879018168,62.92493401081));
#967=CARTESIAN_POINT('',(-183.137243363909,-24.6641203763001,46.2638999238404));
#968=CARTESIAN_POINT('Origin',(-183.142966595635,-24.8293388196488,46.4514368817875));
#969=CARTESIAN_POINT('',(-177.256711462974,-40.2700564387104,32.6946661879938));
#970=CARTESIAN_POINT('',(-183.205621641827,-24.4826560034813,46.4216817114665));
#971=CARTESIAN_POINT('',(-177.194056416781,-40.6167392548779,32.7244213583148));
#972=CARTESIAN_POINT('Origin',(-177.262434694699,-40.4352748820592,32.8822031459409));
#973=CARTESIAN_POINT('',(-177.686254345161,-54.8255253828671,48.8525997417641));
#974=CARTESIAN_POINT('',(-177.188333185056,-40.4515208115292,32.5368844003677));
#975=CARTESIAN_POINT('Origin',(-177.754632623079,-54.6440610100484,49.0103815293902));
#976=CARTESIAN_POINT('Ctrl Pts',(-173.665632855548,-39.9168970188113,33.448656367699));
#977=CARTESIAN_POINT('Ctrl Pts',(-173.651291058234,-39.8852060697848,33.4184240395047));
#978=CARTESIAN_POINT('Ctrl Pts',(-173.632296382948,-39.8189272900108,33.3794501522161));
#979=CARTESIAN_POINT('Ctrl Pts',(-173.625025971338,-39.7093810387552,33.3681600469072));
#980=CARTESIAN_POINT('Ctrl Pts',(-173.633122654628,-39.6214847207715,33.3897023404686));
#981=CARTESIAN_POINT('Ctrl Pts',(-173.644763129477,-39.5749957675252,33.4172376795126));
#982=CARTESIAN_POINT('Ctrl Pts',(-173.652248019912,-39.555132135538,33.4345089450234));
#983=CARTESIAN_POINT('Ctrl Pts',(-173.665632855548,-39.9168970188114,33.448656367699));
#984=CARTESIAN_POINT('Ctrl Pts',(-173.641328632498,-39.8944069966903,33.432783829094));
#985=CARTESIAN_POINT('Ctrl Pts',(-173.602559390417,-39.8543215419336,33.4097164362936));
#986=CARTESIAN_POINT('Ctrl Pts',(-173.548048031191,-39.7706270620152,33.3807389992933));
#987=CARTESIAN_POINT('Ctrl Pts',(-173.50955838688,-39.657706972021,33.3860449523578));
#988=CARTESIAN_POINT('Ctrl Pts',(-173.508033758001,-39.567121411519,33.4276069507755));
#989=CARTESIAN_POINT('Ctrl Pts',(-173.523000993832,-39.5294967416668,33.4610378522028));
#990=CARTESIAN_POINT('Ctrl Pts',(-173.665632855548,-39.9168970188114,33.448656367699));
#991=CARTESIAN_POINT('Ctrl Pts',(-173.631469805108,-39.9034846715614,33.4474965804912));
#992=CARTESIAN_POINT('Ctrl Pts',(-173.57669945737,-39.8781669805367,33.4483479877621));
#993=CARTESIAN_POINT('Ctrl Pts',(-173.489832111551,-39.8244650766333,33.4678871175629));
#994=CARTESIAN_POINT('Ctrl Pts',(-173.423002246792,-39.7378521600324,33.5157307442812));
#995=CARTESIAN_POINT('Ctrl Pts',(-173.411679778743,-39.6563648345023,33.5720027095946));
#996=CARTESIAN_POINT('Ctrl Pts',(-173.42678585726,-39.6186115255963,33.6052254930287));
#997=CARTESIAN_POINT('Ctrl Pts',(-173.665632855548,-39.9168970188114,33.448656367699));
#998=CARTESIAN_POINT('Ctrl Pts',(-173.621863212217,-39.912295432176,33.4623326533828));
#999=CARTESIAN_POINT('Ctrl Pts',(-173.55373345953,-39.8913963250624,33.4968435832615));
#1000=CARTESIAN_POINT('Ctrl Pts',(-173.492380439708,-39.8320666205914,33.5667452934021));
#1001=CARTESIAN_POINT('Ctrl Pts',(-173.472644166638,-39.7700816429613,33.6301501799203));
#1002=CARTESIAN_POINT('Ctrl Pts',(-173.477752582127,-39.7296814996374,33.6675190559486));
#1003=CARTESIAN_POINT('Ctrl Pts',(-173.485237472563,-39.7098178676501,33.6847903214594));
#1004=CARTESIAN_POINT('',(-173.652248019912,-39.555132135538,33.4345089450234));
#1005=CARTESIAN_POINT('',(-173.485237472563,-39.7098178676501,33.6847903214594));
#1006=CARTESIAN_POINT('Origin',(-173.656826605292,-39.6873068902169,33.584538511381));
#1007=CARTESIAN_POINT('',(-173.665632855548,-39.9168970188114,33.448656367699));
#1008=CARTESIAN_POINT('Ctrl Pts',(-173.485237472563,-39.7098178676501,33.6847903214594));
#1009=CARTESIAN_POINT('Ctrl Pts',(-173.477752582127,-39.7296814996374,33.6675190559486));
#1010=CARTESIAN_POINT('Ctrl Pts',(-173.472644166638,-39.7700816429613,33.6301501799203));
#1011=CARTESIAN_POINT('Ctrl Pts',(-173.492380439708,-39.8320666205914,33.5667452934021));
#1012=CARTESIAN_POINT('Ctrl Pts',(-173.55373345953,-39.8913963250624,33.4968435832615));
#1013=CARTESIAN_POINT('Ctrl Pts',(-173.621863212217,-39.912295432176,33.4623326533828));
#1014=CARTESIAN_POINT('Ctrl Pts',(-173.665632855548,-39.9168970188114,33.448656367699));
#1015=CARTESIAN_POINT('Ctrl Pts',(-173.665632855548,-39.9168970188113,33.448656367699));
#1016=CARTESIAN_POINT('Ctrl Pts',(-173.651291058234,-39.8852060697848,33.4184240395047));
#1017=CARTESIAN_POINT('Ctrl Pts',(-173.632296382948,-39.8189272900108,33.3794501522161));
#1018=CARTESIAN_POINT('Ctrl Pts',(-173.625025971338,-39.7093810387552,33.3681600469072));
#1019=CARTESIAN_POINT('Ctrl Pts',(-173.633122654628,-39.6214847207715,33.3897023404686));
#1020=CARTESIAN_POINT('Ctrl Pts',(-173.644763129477,-39.5749957675252,33.4172376795126));
#1021=CARTESIAN_POINT('Ctrl Pts',(-173.652248019912,-39.555132135538,33.4345089450234));
#1022=CARTESIAN_POINT('Ctrl Pts',(-172.193441721492,-53.7360580323263,49.9800401221526));
#1023=CARTESIAN_POINT('Ctrl Pts',(-172.151864026087,-53.7183382229175,49.9776792483482));
#1024=CARTESIAN_POINT('Ctrl Pts',(-172.086933381492,-53.6768954892061,49.9837874761974));
#1025=CARTESIAN_POINT('Ctrl Pts',(-172.02449787856,-53.5974218006612,50.0180586013166));
#1026=CARTESIAN_POINT('Ctrl Pts',(-171.997821754004,-53.5233798511949,50.06169723235));
#1027=CARTESIAN_POINT('Ctrl Pts',(-171.999362988967,-53.4709360040626,50.100339839785));
#1028=CARTESIAN_POINT('Ctrl Pts',(-172.008858776077,-53.4457357927558,50.1222512173561));
#1029=CARTESIAN_POINT('Ctrl Pts',(-172.193441721492,-53.7360580323263,49.9800401221526));
#1030=CARTESIAN_POINT('Ctrl Pts',(-172.156467314137,-53.7261452269522,49.9847864719335));
#1031=CARTESIAN_POINT('Ctrl Pts',(-172.097074100872,-53.7043564475265,49.9969583156587));
#1032=CARTESIAN_POINT('Ctrl Pts',(-172.021494831031,-53.654837787614,50.0279535338605));
#1033=CARTESIAN_POINT('Ctrl Pts',(-171.962938138783,-53.5951517539933,50.0725741021321));
#1034=CARTESIAN_POINT('Ctrl Pts',(-171.934011555502,-53.5265940113846,50.1374389995643));
#1035=CARTESIAN_POINT('Ctrl Pts',(-171.950518107236,-53.4761521007561,50.1825161621619));
#1036=CARTESIAN_POINT('Ctrl Pts',(-172.193441721492,-53.7360580323263,49.9800401221526));
#1037=CARTESIAN_POINT('Ctrl Pts',(-172.164491442878,-53.7397614905474,49.9971198110278));
#1038=CARTESIAN_POINT('Ctrl Pts',(-172.116947982429,-53.7453945179385,50.0256427368701));
#1039=CARTESIAN_POINT('Ctrl Pts',(-172.045442443673,-53.7478233093627,50.0771832710128));
#1040=CARTESIAN_POINT('Ctrl Pts',(-171.970535319026,-53.7371830979261,50.146189054565));
#1041=CARTESIAN_POINT('Ctrl Pts',(-171.91411437716,-53.675328719625,50.2568873603317));
#1042=CARTESIAN_POINT('Ctrl Pts',(-171.938092972641,-53.5977803311285,50.3277851453125));
#1043=CARTESIAN_POINT('Ctrl Pts',(-172.193441721492,-53.7360580323263,49.9800401221526));
#1044=CARTESIAN_POINT('Ctrl Pts',(-172.172514842187,-53.7535691962489,50.0093413052177));
#1045=CARTESIAN_POINT('Ctrl Pts',(-172.140290040843,-53.7758992608561,50.0640152039718));
#1046=CARTESIAN_POINT('Ctrl Pts',(-172.105870396449,-53.7844969924166,50.1548682779711));
#1047=CARTESIAN_POINT('Ctrl Pts',(-172.083516532257,-53.7703030159818,50.2434560501528));
#1048=CARTESIAN_POINT('Ctrl Pts',(-172.075281459073,-53.7285192765264,50.3222587898361));
#1049=CARTESIAN_POINT('Ctrl Pts',(-172.090176650759,-53.6846324760172,50.3617646690062));
#1050=CARTESIAN_POINT('Ctrl Pts',(-172.193441721492,-53.7360580323263,49.9800401221526));
#1051=CARTESIAN_POINT('Ctrl Pts',(-172.175967821878,-53.7595068246074,50.0145812160947));
#1052=CARTESIAN_POINT('Ctrl Pts',(-172.151112294509,-53.7868976056608,50.0824872168629));
#1053=CARTESIAN_POINT('Ctrl Pts',(-172.134335685069,-53.7865904301642,50.188020211296));
#1054=CARTESIAN_POINT('Ctrl Pts',(-172.134534278797,-53.7593878463473,50.2738818976978));
#1055=CARTESIAN_POINT('Ctrl Pts',(-172.145027827682,-53.7225955323769,50.3266456015726));
#1056=CARTESIAN_POINT('Ctrl Pts',(-172.154523614792,-53.6973953210702,50.3485569791437));
#1057=CARTESIAN_POINT('',(-172.008858776077,-53.4457357927558,50.1222512173561));
#1058=CARTESIAN_POINT('Origin',(-172.149945029412,-53.5652205663913,50.198527412786));
#1059=CARTESIAN_POINT('',(-172.193441721492,-53.7360580323263,49.9800401221526));
#1060=CARTESIAN_POINT('Ctrl Pts',(-172.154523614792,-53.6973953210702,50.3485569791437));
#1061=CARTESIAN_POINT('Ctrl Pts',(-172.145027827682,-53.7225955323769,50.3266456015726));
#1062=CARTESIAN_POINT('Ctrl Pts',(-172.134534278797,-53.7593878463473,50.2738818976978));
#1063=CARTESIAN_POINT('Ctrl Pts',(-172.134335685069,-53.7865904301642,50.188020211296));
#1064=CARTESIAN_POINT('Ctrl Pts',(-172.151112294509,-53.7868976056608,50.0824872168629));
#1065=CARTESIAN_POINT('Ctrl Pts',(-172.175967821878,-53.7595068246074,50.0145812160947));
#1066=CARTESIAN_POINT('Ctrl Pts',(-172.193441721492,-53.7360580323263,49.9800401221526));
#1067=CARTESIAN_POINT('Ctrl Pts',(-172.193441721492,-53.7360580323263,49.9800401221526));
#1068=CARTESIAN_POINT('Ctrl Pts',(-172.151864026087,-53.7183382229175,49.9776792483482));
#1069=CARTESIAN_POINT('Ctrl Pts',(-172.086933381492,-53.6768954892061,49.9837874761974));
#1070=CARTESIAN_POINT('Ctrl Pts',(-172.02449787856,-53.5974218006612,50.0180586013166));
#1071=CARTESIAN_POINT('Ctrl Pts',(-171.997821754004,-53.5233798511949,50.06169723235));
#1072=CARTESIAN_POINT('Ctrl Pts',(-171.999362988967,-53.4709360040626,50.100339839785));
#1073=CARTESIAN_POINT('Ctrl Pts',(-172.008858776077,-53.4457357927558,50.1222512173561));
#1074=CARTESIAN_POINT('Origin',(-177.754632623079,-54.6440610100484,49.0103815293902));
#1075=CARTESIAN_POINT('',(-177.686254345161,-54.8255253828671,48.8525997417641));
#1076=CARTESIAN_POINT('Ctrl Pts',(-172.116838314828,-53.7765561326189,50.0598146740174));
#1077=CARTESIAN_POINT('Ctrl Pts',(-172.868874548301,-53.3844768822591,49.2829736983725));
#1078=CARTESIAN_POINT('Ctrl Pts',(-174.551029992965,-52.0658803949746,47.0374599265176));
#1079=CARTESIAN_POINT('Ctrl Pts',(-175.896469999315,-48.8968953826906,42.8097429102627));
#1080=CARTESIAN_POINT('Ctrl Pts',(-175.854662604406,-44.8418362890239,38.1641494705186));
#1081=CARTESIAN_POINT('Ctrl Pts',(-174.719477814776,-41.6635766831048,35.0008001859202));
#1082=CARTESIAN_POINT('Ctrl Pts',(-173.796176199111,-40.1203407742657,33.6260625492492));
#1083=CARTESIAN_POINT('Ctrl Pts',(-173.631345610557,-39.8631435186774,33.4016937712353));
#1084=CARTESIAN_POINT('Ctrl Pts',(-172.07066794639,-53.7374548318825,50.0348533474334));
#1085=CARTESIAN_POINT('Ctrl Pts',(-172.818578466522,-53.3473342585248,49.2620530109317));
#1086=CARTESIAN_POINT('Ctrl Pts',(-174.491753336277,-52.03656195165,47.0294297397389));
#1087=CARTESIAN_POINT('Ctrl Pts',(-175.833134189616,-48.8789872437112,42.8165948061991));
#1088=CARTESIAN_POINT('Ctrl Pts',(-175.791597116818,-44.833133548226,38.1814713178479));
#1089=CARTESIAN_POINT('Ctrl Pts',(-174.659406613822,-41.6646630365268,35.028082800605));
#1090=CARTESIAN_POINT('Ctrl Pts',(-173.73943947373,-40.1267401566382,33.6580105931948));
#1091=CARTESIAN_POINT('Ctrl Pts',(-173.57519319818,-39.8705102188158,33.4345010993656));
#1092=CARTESIAN_POINT('Ctrl Pts',(-171.993570750125,-53.6202695849755,50.0193624275318));
#1093=CARTESIAN_POINT('Ctrl Pts',(-172.733277268869,-53.2344184616891,49.2550277611592));
#1094=CARTESIAN_POINT('Ctrl Pts',(-174.388607187398,-51.9385760641699,47.0473088450948));
#1095=CARTESIAN_POINT('Ctrl Pts',(-175.721857628147,-48.8040996430451,42.8645626804363));
#1096=CARTESIAN_POINT('Ctrl Pts',(-175.680833466634,-44.7764810140576,38.2501890071571));
#1097=CARTESIAN_POINT('Ctrl Pts',(-174.554729153661,-41.6272976376792,35.1163449808719));
#1098=CARTESIAN_POINT('Ctrl Pts',(-173.641275866392,-40.1002039192027,33.7559044360763));
#1099=CARTESIAN_POINT('Ctrl Pts',(-173.478222769212,-39.8458380283718,33.5340216866252));
#1100=CARTESIAN_POINT('Ctrl Pts',(-171.99095738478,-53.4932430544671,50.0809440419498));
#1101=CARTESIAN_POINT('Ctrl Pts',(-172.727253889615,-53.1093698196294,49.3203619453414));
#1102=CARTESIAN_POINT('Ctrl Pts',(-174.375173545224,-51.8193920179454,47.1225992875124));
#1103=CARTESIAN_POINT('Ctrl Pts',(-175.705012669975,-48.6947383130328,42.9526285703915));
#1104=CARTESIAN_POINT('Ctrl Pts',(-175.664188338399,-44.6746611974243,38.3468417688215));
#1105=CARTESIAN_POINT('Ctrl Pts',(-174.540685414447,-41.5333976908824,35.2209789913879));
#1106=CARTESIAN_POINT('Ctrl Pts',(-173.629876262846,-40.0109484949767,33.8647342029071));
#1107=CARTESIAN_POINT('Ctrl Pts',(-173.467336081265,-39.7573251293613,33.6434831460531));
#1108=CARTESIAN_POINT('Ctrl Pts',(-172.008858776077,-53.4457357927558,50.1222512173562));
#1109=CARTESIAN_POINT('Ctrl Pts',(-172.745155280913,-53.0618625579181,49.3616691207478));
#1110=CARTESIAN_POINT('Ctrl Pts',(-174.393074936522,-51.7718847562341,47.1639064629188));
#1111=CARTESIAN_POINT('Ctrl Pts',(-175.722914061273,-48.6472310513215,42.9939357457978));
#1112=CARTESIAN_POINT('Ctrl Pts',(-175.682089729697,-44.627153935713,38.3881489442278));
#1113=CARTESIAN_POINT('Ctrl Pts',(-174.558586805744,-41.4858904291711,35.2622861667942));
#1114=CARTESIAN_POINT('Ctrl Pts',(-173.647777654144,-39.9634412332654,33.9060413783135));
#1115=CARTESIAN_POINT('Ctrl Pts',(-173.485237472563,-39.70981786765,33.6847903214594));
#1116=CARTESIAN_POINT('Ctrl Pts',(-173.485237472563,-39.70981786765,33.6847903214594));
#1117=CARTESIAN_POINT('Ctrl Pts',(-173.647777654144,-39.9634412332654,33.9060413783135));
#1118=CARTESIAN_POINT('Ctrl Pts',(-174.558586805744,-41.4858904291711,35.2622861667942));
#1119=CARTESIAN_POINT('Ctrl Pts',(-175.682089729697,-44.627153935713,38.3881489442278));
#1120=CARTESIAN_POINT('Ctrl Pts',(-175.722914061273,-48.6472310513215,42.9939357457978));
#1121=CARTESIAN_POINT('Ctrl Pts',(-174.393074936522,-51.7718847562341,47.1639064629188));
#1122=CARTESIAN_POINT('Ctrl Pts',(-172.745155280913,-53.0618625579181,49.3616691207478));
#1123=CARTESIAN_POINT('Ctrl Pts',(-172.008858776077,-53.4457357927558,50.1222512173562));
#1124=CARTESIAN_POINT('Ctrl Pts',(-172.193428073696,-53.7360466485688,49.9800329443052));
#1125=CARTESIAN_POINT('Ctrl Pts',(-172.911882247478,-53.3505665978423,49.2253352279408));
#1126=CARTESIAN_POINT('Ctrl Pts',(-174.560836943096,-52.0427815738933,47.0066439780161));
#1127=CARTESIAN_POINT('Ctrl Pts',(-175.896469999315,-48.8968953826906,42.8097429102627));
#1128=CARTESIAN_POINT('Ctrl Pts',(-175.854662604406,-44.8418362890239,38.1641494705186));
#1129=CARTESIAN_POINT('Ctrl Pts',(-174.726009911769,-41.6818650712197,35.0190027768451));
#1130=CARTESIAN_POINT('Ctrl Pts',(-173.817680020279,-40.1563689770081,33.65817931653));
#1131=CARTESIAN_POINT('Ctrl Pts',(-173.665634488069,-39.9168968109332,33.4486554211293));
#1132=CARTESIAN_POINT('Origin',(-177.262434694699,-40.4352748820592,32.8822031459409));
#1133=CARTESIAN_POINT('',(-177.194056416781,-40.6167392548779,32.7244213583148));
#1134=CARTESIAN_POINT('',(-177.256711462974,-40.2700564387104,32.6946661879938));
#1135=CARTESIAN_POINT('Ctrl Pts',(-172.169089201806,-53.6587407191612,50.3821668392746));
#1136=CARTESIAN_POINT('Ctrl Pts',(-172.164234006135,-53.6716255864642,50.3709635525643));
#1137=CARTESIAN_POINT('Ctrl Pts',(-172.159378810464,-53.6845104537672,50.3597602658539));
#1138=CARTESIAN_POINT('Ctrl Pts',(-172.154523614792,-53.6973953210703,50.3485569791436));
#1139=CARTESIAN_POINT('Ctrl Pts',(-172.126191225784,-53.6502321557925,50.3909719658496));
#1140=CARTESIAN_POINT('Ctrl Pts',(-172.121336030113,-53.6631170230956,50.3797686791393));
#1141=CARTESIAN_POINT('Ctrl Pts',(-172.116480834441,-53.6760018903986,50.368565392429));
#1142=CARTESIAN_POINT('Ctrl Pts',(-172.11162563877,-53.6888867577016,50.3573621057187));
#1143=CARTESIAN_POINT('Ctrl Pts',(-172.039778784381,-53.6126993252282,50.3852543374828));
#1144=CARTESIAN_POINT('Ctrl Pts',(-172.03492358871,-53.6255841925312,50.3740510507724));
#1145=CARTESIAN_POINT('Ctrl Pts',(-172.030068393039,-53.6384690598343,50.3628477640621));
#1146=CARTESIAN_POINT('Ctrl Pts',(-172.025213197368,-53.6513539271373,50.3516444773518));
#1147=CARTESIAN_POINT('Ctrl Pts',(-171.976817825679,-53.5350054721451,50.3231844082672));
#1148=CARTESIAN_POINT('Ctrl Pts',(-171.971962630008,-53.5478903394482,50.3119811215569));
#1149=CARTESIAN_POINT('Ctrl Pts',(-171.967107434337,-53.5607752067512,50.3007778348466));
#1150=CARTESIAN_POINT('Ctrl Pts',(-171.962252238665,-53.5736600740542,50.2895745481362));
#1151=CARTESIAN_POINT('Ctrl Pts',(-171.967266777174,-53.4589464181377,50.2398482737146));
#1152=CARTESIAN_POINT('Ctrl Pts',(-171.962411581503,-53.4718312854407,50.2286449870043));
#1153=CARTESIAN_POINT('Ctrl Pts',(-171.957556385831,-53.4847161527438,50.217441700294));
#1154=CARTESIAN_POINT('Ctrl Pts',(-171.95270119016,-53.4976010200468,50.2062384135837));
#1155=CARTESIAN_POINT('Ctrl Pts',(-171.99425402867,-53.4222893448468,50.18599354989));
#1156=CARTESIAN_POINT('Ctrl Pts',(-171.989398832999,-53.4351742121499,50.1747902631796));
#1157=CARTESIAN_POINT('Ctrl Pts',(-171.984543637328,-53.4480590794529,50.1635869764693));
#1158=CARTESIAN_POINT('Ctrl Pts',(-171.979688441657,-53.4609439467559,50.152383689759));
#1159=CARTESIAN_POINT('Ctrl Pts',(-172.023424363091,-53.4070811908467,50.1558610774871));
#1160=CARTESIAN_POINT('Ctrl Pts',(-172.01856916742,-53.4199660581497,50.1446577907767));
#1161=CARTESIAN_POINT('Ctrl Pts',(-172.013713971749,-53.4328509254528,50.1334545040664));
#1162=CARTESIAN_POINT('Ctrl Pts',(-172.008858776077,-53.4457357927558,50.1222512173561));
#1163=CARTESIAN_POINT('Ctrl Pts',(-172.008858776077,-53.4457357927558,50.1222512173561));
#1164=CARTESIAN_POINT('Ctrl Pts',(-172.013713971749,-53.4328509254528,50.1334545040664));
#1165=CARTESIAN_POINT('Ctrl Pts',(-172.01856916742,-53.4199660581497,50.1446577907767));
#1166=CARTESIAN_POINT('Ctrl Pts',(-172.023424363091,-53.4070811908467,50.1558610774871));
#1167=CARTESIAN_POINT('Ctrl Pts',(-179.168387053238,-22.9636739090906,47.2165644259017));
#1168=CARTESIAN_POINT('Ctrl Pts',(-172.877585484795,-39.6583962084133,32.7006399642983));
#1169=CARTESIAN_POINT('Ctrl Pts',(-179.293867086864,-23.1401321298982,47.3651289218918));
#1170=CARTESIAN_POINT('Ctrl Pts',(-173.003065518422,-39.834854429221,32.8492044602884));
#1171=CARTESIAN_POINT('Ctrl Pts',(-179.414340642135,-23.3175746954833,47.5169951796532));
#1172=CARTESIAN_POINT('Ctrl Pts',(-173.123539073692,-40.012296994806,33.0010707180499));
#1173=CARTESIAN_POINT('Ctrl Pts',(-180.059334726573,-24.3127136082865,48.3819788762612));
#1174=CARTESIAN_POINT('Ctrl Pts',(-173.76853315813,-41.0074359076092,33.8660544146579));
#1175=CARTESIAN_POINT('Ctrl Pts',(-180.482869429876,-25.1432674825527,49.1536481912027));
#1176=CARTESIAN_POINT('Ctrl Pts',(-174.192067861433,-41.8379897818754,34.6377237295994));
#1177=CARTESIAN_POINT('Ctrl Pts',(-181.445454017995,-27.5769312978683,51.5354402032347));
#1178=CARTESIAN_POINT('Ctrl Pts',(-175.154652449552,-44.2716535971911,37.0195157416314));
#1179=CARTESIAN_POINT('Ctrl Pts',(-181.732664102357,-29.2067569420646,53.2854289806626));
#1180=CARTESIAN_POINT('Ctrl Pts',(-175.441862533914,-45.9014792413873,38.7695045190593));
#1181=CARTESIAN_POINT('Ctrl Pts',(-181.686257063742,-31.8274399875752,56.3195804235933));
#1182=CARTESIAN_POINT('Ctrl Pts',(-175.395455495299,-48.5221622868979,41.80365596199));
#1183=CARTESIAN_POINT('Ctrl Pts',(-181.495316208181,-33.4165495890472,58.2299592360141));
#1184=CARTESIAN_POINT('Ctrl Pts',(-175.204514639738,-50.11127188837,43.7140347744107));
#1185=CARTESIAN_POINT('Ctrl Pts',(-180.190786314318,-35.705845398987,61.4282189564433));
#1186=CARTESIAN_POINT('Ctrl Pts',(-173.899984745876,-52.4005676983098,46.91229449484));
#1187=CARTESIAN_POINT('Ctrl Pts',(-179.487061411853,-36.4637215234833,62.6048250490278));
#1188=CARTESIAN_POINT('Ctrl Pts',(-173.19625984341,-53.1584438228061,48.0889005874245));
#1189=CARTESIAN_POINT('Ctrl Pts',(-178.294994904357,-37.1925606971711,63.9596696207703));
#1190=CARTESIAN_POINT('Ctrl Pts',(-172.004193335914,-53.8872829964938,49.443745159167));
#1191=CARTESIAN_POINT('Ctrl Pts',(-178.060249394341,-37.3185079969862,64.2062534756934));
#1192=CARTESIAN_POINT('Ctrl Pts',(-171.769447825898,-54.013230296309,49.6903290140901));
#1193=CARTESIAN_POINT('Ctrl Pts',(-177.815327277231,-37.4337244932826,64.4449061262769));
#1194=CARTESIAN_POINT('Ctrl Pts',(-171.524525708788,-54.1284467926054,49.9289816646736));
#1195=CARTESIAN_POINT('',(-179.365769373498,-24.1038818052397,47.254024057306));
#1196=CARTESIAN_POINT('Ctrl Pts',(-179.365769373498,-24.1038818052397,47.254024057306));
#1197=CARTESIAN_POINT('Ctrl Pts',(-177.405592073186,-29.3058604927098,42.7309461453571));
#1198=CARTESIAN_POINT('Ctrl Pts',(-175.445414772875,-34.5078391801799,38.2078682334083));
#1199=CARTESIAN_POINT('Ctrl Pts',(-173.485237472563,-39.7098178676501,33.6847903214594));
#1200=CARTESIAN_POINT('',(-179.113629350587,-37.0253000474904,62.2241799501794));
#1201=CARTESIAN_POINT('Ctrl Pts',(-179.113629350587,-37.0253000474904,62.2241799501794));
#1202=CARTESIAN_POINT('Ctrl Pts',(-179.339731283282,-36.8348031643594,61.9071036959071));
#1203=CARTESIAN_POINT('Ctrl Pts',(-180.448015830353,-35.7546106890752,60.1844775112762));
#1204=CARTESIAN_POINT('Ctrl Pts',(-181.603995955244,-33.0415714728432,56.5632491131841));
#1205=CARTESIAN_POINT('Ctrl Pts',(-181.563924411618,-29.021661294444,51.957328068062));
#1206=CARTESIAN_POINT('Ctrl Pts',(-180.439066427653,-25.8799995824572,48.8315945613708));
#1207=CARTESIAN_POINT('Ctrl Pts',(-179.52830955357,-24.3575051684996,47.4752751121052));
#1208=CARTESIAN_POINT('Ctrl Pts',(-179.365769373498,-24.1038818052397,47.254024057306));
#1209=CARTESIAN_POINT('',(-178.977739102769,-37.2664940105915,62.1528003347596));
#1210=CARTESIAN_POINT('Ctrl Pts',(-178.977739102769,-37.2664940105915,62.1528003347599));
#1211=CARTESIAN_POINT('Ctrl Pts',(-178.975590177129,-37.2653669530511,62.1615552412777));
#1212=CARTESIAN_POINT('Ctrl Pts',(-178.97207367905,-37.2618798620386,62.1791337828101));
#1213=CARTESIAN_POINT('Ctrl Pts',(-178.969566547797,-37.2527128334293,62.2049663790138));
#1214=CARTESIAN_POINT('Ctrl Pts',(-178.97022788895,-37.2395469837675,62.2292465808863));
#1215=CARTESIAN_POINT('Ctrl Pts',(-178.974327546433,-37.222585720927,62.2508158482491));
#1216=CARTESIAN_POINT('Ctrl Pts',(-178.981843154752,-37.2025109174678,62.2684161952658));
#1217=CARTESIAN_POINT('Ctrl Pts',(-178.995929689656,-37.1728548990808,62.285531891054));
#1218=CARTESIAN_POINT('Ctrl Pts',(-179.019509567757,-37.1334633750897,62.2937002842943));
#1219=CARTESIAN_POINT('Ctrl Pts',(-179.046355729656,-37.096883656039,62.2860995157648));
#1220=CARTESIAN_POINT('Ctrl Pts',(-179.078686113586,-37.0580122895384,62.2659909134181));
#1221=CARTESIAN_POINT('Ctrl Pts',(-179.099526428993,-37.0371821334805,62.2439573200596));
#1222=CARTESIAN_POINT('Ctrl Pts',(-179.113629350587,-37.0253000474904,62.2241799501794));
#1223=CARTESIAN_POINT('',(-176.253268631415,-42.1817906359381,59.9161593821323));
#1224=CARTESIAN_POINT('Ctrl Pts',(-176.253268631415,-42.1817906359381,59.9161593821323));
#1225=CARTESIAN_POINT('Ctrl Pts',(-176.505832227227,-42.0113083811666,59.716054778649));
#1226=CARTESIAN_POINT('Ctrl Pts',(-177.244774042485,-41.4096885195737,59.173513679953));
#1227=CARTESIAN_POINT('Ctrl Pts',(-178.33871554096,-39.8508185427348,58.807892179151));
#1228=CARTESIAN_POINT('Ctrl Pts',(-179.166137460536,-37.9168317614898,59.961445515097));
#1229=CARTESIAN_POINT('Ctrl Pts',(-179.151633983604,-37.357697509263,61.4443377440159));
#1230=CARTESIAN_POINT('Ctrl Pts',(-178.977739102769,-37.2664940105915,62.1528003347596));
#1231=CARTESIAN_POINT('Ctrl Pts',(-173.874510124502,-48.4946129778901,54.4272120002993));
#1232=CARTESIAN_POINT('Ctrl Pts',(-174.667429626806,-46.3903388639061,56.256861127577));
#1233=CARTESIAN_POINT('Ctrl Pts',(-175.46034912911,-44.2860647499221,58.0865102548546));
#1234=CARTESIAN_POINT('Ctrl Pts',(-176.253268631415,-42.1817906359381,59.9161593821323));
#1235=CARTESIAN_POINT('Ctrl Pts',(-173.652248019912,-39.5551321355381,33.4345089450233));
#1236=CARTESIAN_POINT('Ctrl Pts',(-175.612425320224,-34.3531534480678,37.9575868569722));
#1237=CARTESIAN_POINT('Ctrl Pts',(-177.572602620536,-29.1511747605977,42.4806647689211));
#1238=CARTESIAN_POINT('Ctrl Pts',(-179.532779920848,-23.9491960731276,47.0037426808699));
#1239=CARTESIAN_POINT('Ctrl Pts',(-173.615320298175,-39.5478077372891,33.4420886327888));
#1240=CARTESIAN_POINT('Ctrl Pts',(-175.575497598487,-34.3458290498189,37.9651665447378));
#1241=CARTESIAN_POINT('Ctrl Pts',(-177.535674898799,-29.1438503623488,42.4882444566866));
#1242=CARTESIAN_POINT('Ctrl Pts',(-179.495852199111,-23.9418716748787,47.0113223686355));
#1243=CARTESIAN_POINT('Ctrl Pts',(-173.551340095586,-39.5482510685396,33.4703257631208));
#1244=CARTESIAN_POINT('Ctrl Pts',(-175.511517395898,-34.3462723810694,37.9934036750697));
#1245=CARTESIAN_POINT('Ctrl Pts',(-177.47169469621,-29.1442936935992,42.5164815870186));
#1246=CARTESIAN_POINT('Ctrl Pts',(-179.431871996522,-23.9423150061291,47.0395594989675));
#1247=CARTESIAN_POINT('Ctrl Pts',(-173.479946670693,-39.5845892770702,33.5430581731274));
#1248=CARTESIAN_POINT('Ctrl Pts',(-175.440123971005,-34.3826105896,38.0661360850763));
#1249=CARTESIAN_POINT('Ctrl Pts',(-177.400301271317,-29.1806319021299,42.5892139970251));
#1250=CARTESIAN_POINT('Ctrl Pts',(-179.360478571629,-23.9786532146597,47.112291908974));
#1251=CARTESIAN_POINT('Ctrl Pts',(-173.456019100393,-39.642966385596,33.6205670644988));
#1252=CARTESIAN_POINT('Ctrl Pts',(-175.416196400705,-34.4409876981258,38.1436449764477));
#1253=CARTESIAN_POINT('Ctrl Pts',(-177.376373701017,-29.2390090106557,42.6667228883966));
#1254=CARTESIAN_POINT('Ctrl Pts',(-179.336551001328,-24.0370303231855,47.1898008003454));
#1255=CARTESIAN_POINT('Ctrl Pts',(-173.472712126426,-39.6902736514958,33.6677407153671));
#1256=CARTESIAN_POINT('Ctrl Pts',(-175.432889426738,-34.4882949640255,38.190818627316));
#1257=CARTESIAN_POINT('Ctrl Pts',(-177.39306672705,-29.2863162765554,42.7138965392648));
#1258=CARTESIAN_POINT('Ctrl Pts',(-179.353244027362,-24.0843375890853,47.2369744512137));
#1259=CARTESIAN_POINT('Ctrl Pts',(-173.485237472563,-39.7098178676501,33.6847903214594));
#1260=CARTESIAN_POINT('Ctrl Pts',(-175.445414772875,-34.5078391801799,38.2078682334083));
#1261=CARTESIAN_POINT('Ctrl Pts',(-177.405592073186,-29.3058604927098,42.7309461453571));
#1262=CARTESIAN_POINT('Ctrl Pts',(-179.365769373498,-24.1038818052397,47.254024057306));
#1263=CARTESIAN_POINT('',(-179.532779920848,-23.9491960731276,47.0037426808699));
#1264=CARTESIAN_POINT('Ctrl Pts',(-173.652248019912,-39.5551321355381,33.4345089450233));
#1265=CARTESIAN_POINT('Ctrl Pts',(-175.612425320224,-34.3531534480678,37.9575868569722));
#1266=CARTESIAN_POINT('Ctrl Pts',(-177.572602620536,-29.1511747605977,42.4806647689211));
#1267=CARTESIAN_POINT('Ctrl Pts',(-179.532779920848,-23.9491960731276,47.0037426808699));
#1268=CARTESIAN_POINT('Origin',(-179.537358506228,-24.0813708278065,47.1537722472276));
#1269=CARTESIAN_POINT('Origin',(-177.188333185056,-40.4515208115292,32.5368844003677));
#1270=CARTESIAN_POINT('',(-183.137243363909,-24.6641203763001,46.2638999238404));
#1271=CARTESIAN_POINT('Ctrl Pts',(-179.682921312319,-23.9480322107636,47.3334536787978));
#1272=CARTESIAN_POINT('Ctrl Pts',(-179.63915166916,-23.9434306241728,47.3471299644586));
#1273=CARTESIAN_POINT('Ctrl Pts',(-179.561002486836,-23.9491213865575,47.358521220316));
#1274=CARTESIAN_POINT('Ctrl Pts',(-179.461138316028,-23.9919937558748,47.3395590634779));
#1275=CARTESIAN_POINT('Ctrl Pts',(-179.397852915891,-24.0455807895533,47.302475031541));
#1276=CARTESIAN_POINT('Ctrl Pts',(-179.373254263928,-24.0840181732663,47.2712953228047));
#1277=CARTESIAN_POINT('Ctrl Pts',(-179.365769373498,-24.1038818052397,47.254024057306));
#1278=CARTESIAN_POINT('Ctrl Pts',(-179.682921312319,-23.9480322107636,47.3334536787978));
#1279=CARTESIAN_POINT('Ctrl Pts',(-179.648944558706,-23.9341254636788,47.3327237683377));
#1280=CARTESIAN_POINT('Ctrl Pts',(-179.592022224166,-23.9145187812043,47.3286095003269));
#1281=CARTESIAN_POINT('Ctrl Pts',(-179.490083076463,-23.9008148861362,47.3133706883645));
#1282=CARTESIAN_POINT('Ctrl Pts',(-179.382343745649,-23.9227687678797,47.2668163723547));
#1283=CARTESIAN_POINT('Ctrl Pts',(-179.320932215692,-23.9742093320311,47.2075086249765));
#1284=CARTESIAN_POINT('Ctrl Pts',(-179.307317758195,-24.0126754631859,47.1744592288754));
#1285=CARTESIAN_POINT('Ctrl Pts',(-179.682921312319,-23.9480322107636,47.3334536787978));
#1286=CARTESIAN_POINT('Ctrl Pts',(-179.658803386099,-23.9250477887905,47.3180110169197));
#1287=CARTESIAN_POINT('Ctrl Pts',(-179.617882157203,-23.8906733426104,47.2899779488733));
#1288=CARTESIAN_POINT('Ctrl Pts',(-179.54829899617,-23.8469768714534,47.2262225699912));
#1289=CARTESIAN_POINT('Ctrl Pts',(-179.468899885702,-23.8426235799004,47.1371305804836));
#1290=CARTESIAN_POINT('Ctrl Pts',(-179.417286194912,-23.884965909084,47.0631128662158));
#1291=CARTESIAN_POINT('Ctrl Pts',(-179.403532894768,-23.9235606792564,47.0302715880494));
#1292=CARTESIAN_POINT('Ctrl Pts',(-179.682921312319,-23.9480322107636,47.3334536787978));
#1293=CARTESIAN_POINT('Ctrl Pts',(-179.668579515073,-23.9163412618616,47.3032213507176));
#1294=CARTESIAN_POINT('Ctrl Pts',(-179.639565410235,-23.8766523515233,47.2411277892989));
#1295=CARTESIAN_POINT('Ctrl Pts',(-179.593783847838,-23.8693081738687,47.1409738167096));
#1296=CARTESIAN_POINT('Ctrl Pts',(-179.558331403777,-23.8969838674591,47.0620271922441));
#1297=CARTESIAN_POINT('Ctrl Pts',(-179.540264811278,-23.9293324411543,47.0210139463686));
#1298=CARTESIAN_POINT('Ctrl Pts',(-179.532779920848,-23.9491960731276,47.0037426808699));
#1299=CARTESIAN_POINT('',(-179.682921312319,-23.9480322107636,47.3334536787978));
#1300=CARTESIAN_POINT('Ctrl Pts',(-179.532779920848,-23.9491960731276,47.0037426808699));
#1301=CARTESIAN_POINT('Ctrl Pts',(-179.540264811278,-23.9293324411543,47.0210139463686));
#1302=CARTESIAN_POINT('Ctrl Pts',(-179.558331403777,-23.8969838674591,47.0620271922441));
#1303=CARTESIAN_POINT('Ctrl Pts',(-179.593783847838,-23.8693081738687,47.1409738167096));
#1304=CARTESIAN_POINT('Ctrl Pts',(-179.639565410235,-23.8766523515233,47.2411277892989));
#1305=CARTESIAN_POINT('Ctrl Pts',(-179.668579515073,-23.9163412618616,47.3032213507176));
#1306=CARTESIAN_POINT('Ctrl Pts',(-179.682921312319,-23.9480322107636,47.3334536787978));
#1307=CARTESIAN_POINT('Ctrl Pts',(-179.682921312319,-23.9480322107636,47.3334536787978));
#1308=CARTESIAN_POINT('Ctrl Pts',(-179.63915166916,-23.9434306241728,47.3471299644586));
#1309=CARTESIAN_POINT('Ctrl Pts',(-179.561002486836,-23.9491213865575,47.358521220316));
#1310=CARTESIAN_POINT('Ctrl Pts',(-179.461138316028,-23.9919937558748,47.3395590634779));
#1311=CARTESIAN_POINT('Ctrl Pts',(-179.397852915891,-24.0455807895533,47.302475031541));
#1312=CARTESIAN_POINT('Ctrl Pts',(-179.373254263928,-24.0840181732663,47.2712953228047));
#1313=CARTESIAN_POINT('Ctrl Pts',(-179.365769373498,-24.1038818052397,47.254024057306));
#1314=CARTESIAN_POINT('Origin',(-183.142966595635,-24.8293388196488,46.4514368817875));
#1315=CARTESIAN_POINT('',(-183.211344873553,-24.6478744468301,46.6092186694136));
#1316=CARTESIAN_POINT('Ctrl Pts',(-176.411626448373,-42.4182756071912,60.1554464350054));
#1317=CARTESIAN_POINT('Ctrl Pts',(-176.405797718575,-42.4224575281074,60.1519400792455));
#1318=CARTESIAN_POINT('Ctrl Pts',(-176.401117418536,-42.4276543349345,60.1475045700968));
#1319=CARTESIAN_POINT('Ctrl Pts',(-176.39893347013,-42.4334501642526,60.1424651439198));
#1320=CARTESIAN_POINT('Ctrl Pts',(-176.383240010657,-42.3959376122995,60.1759923100511));
#1321=CARTESIAN_POINT('Ctrl Pts',(-176.372131278366,-42.4025548691791,60.1705300968124));
#1322=CARTESIAN_POINT('Ctrl Pts',(-176.361356241747,-42.4122738710298,60.1622528989907));
#1323=CARTESIAN_POINT('Ctrl Pts',(-176.356035494107,-42.424941600884,60.1512702704948));
#1324=CARTESIAN_POINT('Ctrl Pts',(-176.325898375558,-42.3335767023979,60.1969372764843));
#1325=CARTESIAN_POINT('Ctrl Pts',(-176.304151712848,-42.343840587905,60.1861712478413));
#1326=CARTESIAN_POINT('Ctrl Pts',(-176.281260259788,-42.3614989551498,60.1690632315095));
#1327=CARTESIAN_POINT('Ctrl Pts',(-176.269623098992,-42.3874087554763,60.1455526049972));
#1328=CARTESIAN_POINT('Ctrl Pts',(-176.279783431992,-42.2409266850677,60.1630948749148));
#1329=CARTESIAN_POINT('Ctrl Pts',(-176.251361308611,-42.2529481712433,60.1442715939431));
#1330=CARTESIAN_POINT('Ctrl Pts',(-176.221727298323,-42.2752244828572,60.1172286354135));
#1331=CARTESIAN_POINT('Ctrl Pts',(-176.206662138726,-42.3097149156856,60.0834826917469));
#1332=CARTESIAN_POINT('Ctrl Pts',(-176.265431662715,-42.1629172476688,60.093912872491));
#1333=CARTESIAN_POINT('Ctrl Pts',(-176.237908579907,-42.1756793148835,60.0687601684007));
#1334=CARTESIAN_POINT('Ctrl Pts',(-176.210730212302,-42.1987008315538,60.0363960228643));
#1335=CARTESIAN_POINT('Ctrl Pts',(-176.197111103977,-42.2336558664109,60.0001465566757));
#1336=CARTESIAN_POINT('Ctrl Pts',(-176.277010421536,-42.1319048054693,60.0376775527554));
#1337=CARTESIAN_POINT('Ctrl Pts',(-176.254424683842,-42.1449026967793,60.0107520304577));
#1338=CARTESIAN_POINT('Ctrl Pts',(-176.2341606504,-42.1663390572387,59.9790601769647));
#1339=CARTESIAN_POINT('Ctrl Pts',(-176.224098296994,-42.1969987899382,59.9462918545352));
#1340=CARTESIAN_POINT('Ctrl Pts',(-176.292513713296,-42.1222218425867,60.0003573569119));
#1341=CARTESIAN_POINT('Ctrl Pts',(-176.274672136714,-42.1355102625528,59.9738284522588));
#1342=CARTESIAN_POINT('Ctrl Pts',(-176.260218722951,-42.1554791683768,59.9445202273236));
#1343=CARTESIAN_POINT('Ctrl Pts',(-176.253268631415,-42.1817906359381,59.9161593821323));
#1344=CARTESIAN_POINT('',(-176.39893347013,-42.4334501642526,60.1424651439198));
#1345=CARTESIAN_POINT('Origin',(-176.394354884749,-42.3012754095736,59.9924355775621));
#1346=CARTESIAN_POINT('',(-176.292513713296,-42.1222218425867,60.0003573569119));
#1347=CARTESIAN_POINT('Ctrl Pts',(-176.253268631415,-42.1817906359381,59.9161593821323));
#1348=CARTESIAN_POINT('Ctrl Pts',(-176.260218722951,-42.1554791683768,59.9445202273236));
#1349=CARTESIAN_POINT('Ctrl Pts',(-176.274672136714,-42.1355102625528,59.9738284522588));
#1350=CARTESIAN_POINT('Ctrl Pts',(-176.292513713296,-42.1222218425867,60.0003573569119));
#1351=CARTESIAN_POINT('',(-176.411626448374,-42.4182756071895,60.1554464350068));
#1352=CARTESIAN_POINT('Origin',(-176.407047862993,-42.2861008525122,60.0054168686477));
#1353=CARTESIAN_POINT('Ctrl Pts',(-176.411626448373,-42.4182756071912,60.1554464350054));
#1354=CARTESIAN_POINT('Ctrl Pts',(-176.405797718575,-42.4224575281074,60.1519400792455));
#1355=CARTESIAN_POINT('Ctrl Pts',(-176.401117418536,-42.4276543349345,60.1475045700968));
#1356=CARTESIAN_POINT('Ctrl Pts',(-176.39893347013,-42.4334501642526,60.1424651439198));
#1357=CARTESIAN_POINT('Ctrl Pts',(-176.579807799248,-42.1442166749438,60.1486969059906));
#1358=CARTESIAN_POINT('Ctrl Pts',(-176.579472492457,-42.1447212477986,60.1491319867727));
#1359=CARTESIAN_POINT('Ctrl Pts',(-176.579136492549,-42.1452271329891,60.1495648318911));
#1360=CARTESIAN_POINT('Ctrl Pts',(-176.570339019302,-42.1584805838342,60.1608083363299));
#1361=CARTESIAN_POINT('Ctrl Pts',(-176.552337762783,-42.1859491281883,60.1797766766589));
#1362=CARTESIAN_POINT('Ctrl Pts',(-176.522515493026,-42.2325871128924,60.1989950938681));
#1363=CARTESIAN_POINT('Ctrl Pts',(-176.489853585323,-42.2849597326975,60.2071631501063));
#1364=CARTESIAN_POINT('Ctrl Pts',(-176.453659995585,-42.344734599821,60.2000499555203));
#1365=CARTESIAN_POINT('Ctrl Pts',(-176.425874072256,-42.3925419396156,60.1776827669317));
#1366=CARTESIAN_POINT('Ctrl Pts',(-176.411626448374,-42.4182756071895,60.1554464350068));
#1367=CARTESIAN_POINT('Ctrl Pts',(-176.579807799248,-42.1442166749438,60.1486969059906));
#1368=CARTESIAN_POINT('Ctrl Pts',(-176.579408589067,-42.1445599441407,60.1490500034336));
#1369=CARTESIAN_POINT('Ctrl Pts',(-176.579007823484,-42.1449046907896,60.1494023023321));
#1370=CARTESIAN_POINT('Ctrl Pts',(-176.568563607705,-42.1539065337797,60.1585648527734));
#1371=CARTESIAN_POINT('Ctrl Pts',(-176.547809846522,-42.1722478870121,60.17498879723));
#1372=CARTESIAN_POINT('Ctrl Pts',(-176.514546699792,-42.2034911203056,60.1959360634461));
#1373=CARTESIAN_POINT('Ctrl Pts',(-176.477476392476,-42.24066964082,60.2127132504452));
#1374=CARTESIAN_POINT('Ctrl Pts',(-176.432891499432,-42.2882473828842,60.2227113394934));
#1375=CARTESIAN_POINT('Ctrl Pts',(-176.388052208265,-42.3368229866605,60.2178444646247));
#1376=CARTESIAN_POINT('Ctrl Pts',(-176.354853572942,-42.3735996174058,60.196538185098));
#1377=CARTESIAN_POINT('Ctrl Pts',(-176.579807799248,-42.1442166749438,60.1486969059906));
#1378=CARTESIAN_POINT('Ctrl Pts',(-176.579296665789,-42.1442782279173,60.1489065829275));
#1379=CARTESIAN_POINT('Ctrl Pts',(-176.578782418957,-42.1443405265176,60.1491166106579));
#1380=CARTESIAN_POINT('Ctrl Pts',(-176.565431779658,-42.1459540295572,60.1545791922624));
#1381=CARTESIAN_POINT('Ctrl Pts',(-176.539307094365,-42.1492453321246,60.1649370268542));
#1382=CARTESIAN_POINT('Ctrl Pts',(-176.497960882406,-42.1548896786614,60.1800792007768));
#1383=CARTESIAN_POINT('Ctrl Pts',(-176.450427927556,-42.1621605410352,60.1953827749246));
#1384=CARTESIAN_POINT('Ctrl Pts',(-176.389248100396,-42.1743800575187,60.2094399030896));
#1385=CARTESIAN_POINT('Ctrl Pts',(-176.317223464775,-42.1965223713072,60.2131451442496));
#1386=CARTESIAN_POINT('Ctrl Pts',(-176.257223059081,-42.2311602383439,60.1889495845448));
#1387=CARTESIAN_POINT('Ctrl Pts',(-176.579807799248,-42.1442166749438,60.1486969059906));
#1388=CARTESIAN_POINT('Ctrl Pts',(-176.579183554301,-42.1439965933869,60.1487634673737));
#1389=CARTESIAN_POINT('Ctrl Pts',(-176.57855779736,-42.1437775153244,60.1488285599109));
#1390=CARTESIAN_POINT('Ctrl Pts',(-176.562231417161,-42.1380771327423,60.1504885608436));
#1391=CARTESIAN_POINT('Ctrl Pts',(-176.529970518415,-42.1281417063824,60.1518892983201));
#1392=CARTESIAN_POINT('Ctrl Pts',(-176.478924730128,-42.1165588904894,60.1481746318753));
#1393=CARTESIAN_POINT('Ctrl Pts',(-176.423525667949,-42.1090342099305,60.1373241327978));
#1394=CARTESIAN_POINT('Ctrl Pts',(-176.360251447121,-42.1080494581438,60.1156914404653));
#1395=CARTESIAN_POINT('Ctrl Pts',(-176.304176915028,-42.118342299074,60.0861543138796));
#1396=CARTESIAN_POINT('Ctrl Pts',(-176.269258775657,-42.1367462869102,60.0563376506773));
#1397=CARTESIAN_POINT('Ctrl Pts',(-176.579807799248,-42.1442166749438,60.1486969059906));
#1398=CARTESIAN_POINT('Ctrl Pts',(-176.579134979798,-42.1438758605014,60.1487020156409));
#1399=CARTESIAN_POINT('Ctrl Pts',(-176.57846153279,-42.1435365049359,60.1487048490336));
#1400=CARTESIAN_POINT('Ctrl Pts',(-176.560850475232,-42.1347134069169,60.1487137325764));
#1401=CARTESIAN_POINT('Ctrl Pts',(-176.525797717141,-42.1194537523067,60.1457866974477));
#1402=CARTESIAN_POINT('Ctrl Pts',(-176.470668302328,-42.1027340895867,60.1321041060231));
#1403=CARTESIAN_POINT('Ctrl Pts',(-176.413348473024,-42.0935700863457,60.1079125169284));
#1404=CARTESIAN_POINT('Ctrl Pts',(-176.353599775038,-42.0949306007902,60.0697425021309));
#1405=CARTESIAN_POINT('Ctrl Pts',(-176.311605014349,-42.1080026268732,60.0287444954028));
#1406=CARTESIAN_POINT('Ctrl Pts',(-176.292513713296,-42.1222218425867,60.0003573569119));
#1407=CARTESIAN_POINT('',(-176.579807799248,-42.1442166749438,60.1486969059906));
#1408=CARTESIAN_POINT('Ctrl Pts',(-176.292513713296,-42.1222218425867,60.0003573569119));
#1409=CARTESIAN_POINT('Ctrl Pts',(-176.311605014349,-42.1080026268732,60.0287444954028));
#1410=CARTESIAN_POINT('Ctrl Pts',(-176.353599775038,-42.0949306007902,60.0697425021309));
#1411=CARTESIAN_POINT('Ctrl Pts',(-176.413348473024,-42.0935700863457,60.1079125169284));
#1412=CARTESIAN_POINT('Ctrl Pts',(-176.470668302328,-42.1027340895867,60.1321041060231));
#1413=CARTESIAN_POINT('Ctrl Pts',(-176.525797717141,-42.1194537523067,60.1457866974477));
#1414=CARTESIAN_POINT('Ctrl Pts',(-176.560850475232,-42.1347134069169,60.1487137325764));
#1415=CARTESIAN_POINT('Ctrl Pts',(-176.57846153279,-42.1435365049359,60.1487048490336));
#1416=CARTESIAN_POINT('Ctrl Pts',(-176.579134979798,-42.1438758605014,60.1487020156409));
#1417=CARTESIAN_POINT('Ctrl Pts',(-176.579807799248,-42.1442166749438,60.1486969059906));
#1418=CARTESIAN_POINT('Ctrl Pts',(-176.579807799248,-42.1442166749438,60.1486969059906));
#1419=CARTESIAN_POINT('Ctrl Pts',(-176.579472492457,-42.1447212477986,60.1491319867727));
#1420=CARTESIAN_POINT('Ctrl Pts',(-176.579136492549,-42.1452271329891,60.1495648318911));
#1421=CARTESIAN_POINT('Ctrl Pts',(-176.570339019302,-42.1584805838342,60.1608083363299));
#1422=CARTESIAN_POINT('Ctrl Pts',(-176.552337762783,-42.1859491281883,60.1797766766589));
#1423=CARTESIAN_POINT('Ctrl Pts',(-176.522515493026,-42.2325871128924,60.1989950938681));
#1424=CARTESIAN_POINT('Ctrl Pts',(-176.489853585323,-42.2849597326975,60.2071631501063));
#1425=CARTESIAN_POINT('Ctrl Pts',(-176.453659995585,-42.344734599821,60.2000499555203));
#1426=CARTESIAN_POINT('Ctrl Pts',(-176.425874072256,-42.3925419396156,60.1776827669317));
#1427=CARTESIAN_POINT('Ctrl Pts',(-176.411626448374,-42.4182756071895,60.1554464350068));
#1428=CARTESIAN_POINT('Ctrl Pts',(-179.13355079198,-37.6451571435754,62.2374466068401));
#1429=CARTESIAN_POINT('Ctrl Pts',(-179.323753714259,-37.7296403726886,61.5684811401993));
#1430=CARTESIAN_POINT('Ctrl Pts',(-179.373653812562,-38.246289715524,60.1773290220171));
#1431=CARTESIAN_POINT('Ctrl Pts',(-178.58970438672,-40.0389253760656,59.117252405258));
#1432=CARTESIAN_POINT('Ctrl Pts',(-177.502397782213,-41.4840719022253,59.4890834335304));
#1433=CARTESIAN_POINT('Ctrl Pts',(-176.753991689046,-42.0390607249646,60.01664516177));
#1434=CARTESIAN_POINT('Ctrl Pts',(-176.497314800102,-42.1958399466918,60.2105282324675));
#1435=CARTESIAN_POINT('Ctrl Pts',(-179.088580540694,-37.637826362843,62.2252724572307));
#1436=CARTESIAN_POINT('Ctrl Pts',(-179.27539848389,-37.7255077795171,61.5615272027019));
#1437=CARTESIAN_POINT('Ctrl Pts',(-179.323136156063,-38.2434226480445,60.1864561200313));
#1438=CARTESIAN_POINT('Ctrl Pts',(-178.547169942797,-40.0159738549074,59.1339461222983));
#1439=CARTESIAN_POINT('Ctrl Pts',(-177.468948667938,-41.4509267038193,59.4899112716833));
#1440=CARTESIAN_POINT('Ctrl Pts',(-176.724893103333,-42.0087294418621,60.008777830242));
#1441=CARTESIAN_POINT('Ctrl Pts',(-176.469554983728,-42.1667718025755,60.2002073604716));
#1442=CARTESIAN_POINT('Ctrl Pts',(-179.003945042472,-37.5963242867654,62.1990298673215));
#1443=CARTESIAN_POINT('Ctrl Pts',(-179.183208006154,-37.6889344028586,61.5402769979326));
#1444=CARTESIAN_POINT('Ctrl Pts',(-179.223403213929,-38.2116029295465,60.1836399269591));
#1445=CARTESIAN_POINT('Ctrl Pts',(-178.457393021135,-39.9632523488661,59.1358113245799));
#1446=CARTESIAN_POINT('Ctrl Pts',(-177.395703524651,-41.3923122849452,59.4667248899848));
#1447=CARTESIAN_POINT('Ctrl Pts',(-176.660885692504,-41.9589618957824,59.9743180958806));
#1448=CARTESIAN_POINT('Ctrl Pts',(-176.408466494184,-42.1202388299776,60.1627940841001));
#1449=CARTESIAN_POINT('Ctrl Pts',(-178.918391919467,-37.4520774929466,62.1602059620169));
#1450=CARTESIAN_POINT('Ctrl Pts',(-179.088286504479,-37.5469002827829,61.4895265891008));
#1451=CARTESIAN_POINT('Ctrl Pts',(-179.112018060604,-38.0839651872355,60.1072075982232));
#1452=CARTESIAN_POINT('Ctrl Pts',(-178.335276771412,-39.8779169908703,59.0289807369671));
#1453=CARTESIAN_POINT('Ctrl Pts',(-177.281531714589,-41.3454132832823,59.3524001167381));
#1454=CARTESIAN_POINT('Ctrl Pts',(-176.556267667769,-41.9310960582272,59.863969795741));
#1455=CARTESIAN_POINT('Ctrl Pts',(-176.307190071462,-42.0980978986301,60.054387612991));
#1456=CARTESIAN_POINT('Ctrl Pts',(-178.939195037131,-37.3257598831705,62.1502454718791));
#1457=CARTESIAN_POINT('Ctrl Pts',(-179.109949235121,-37.4181007597912,61.456423864667));
#1458=CARTESIAN_POINT('Ctrl Pts',(-179.125824147762,-37.9690277391025,60.0125219789942));
#1459=CARTESIAN_POINT('Ctrl Pts',(-178.31842625352,-39.8497624376277,58.8869564844985));
#1460=CARTESIAN_POINT('Ctrl Pts',(-177.24377605632,-41.3747026934433,59.2351927263532));
#1461=CARTESIAN_POINT('Ctrl Pts',(-176.513006860038,-41.9715307456582,59.7658676701335));
#1462=CARTESIAN_POINT('Ctrl Pts',(-176.262741494451,-42.1411308819644,59.9623301530466));
#1463=CARTESIAN_POINT('Ctrl Pts',(-178.977739102769,-37.2664940105915,62.1528003347596));
#1464=CARTESIAN_POINT('Ctrl Pts',(-179.151633983604,-37.357697509263,61.4443377440159));
#1465=CARTESIAN_POINT('Ctrl Pts',(-179.166137460536,-37.9168317614898,59.961445515097));
#1466=CARTESIAN_POINT('Ctrl Pts',(-178.33871554096,-39.8508185427348,58.807892179151));
#1467=CARTESIAN_POINT('Ctrl Pts',(-177.244774042485,-41.4096885195737,59.173513679953));
#1468=CARTESIAN_POINT('Ctrl Pts',(-176.505832227227,-42.0113083811666,59.716054778649));
#1469=CARTESIAN_POINT('Ctrl Pts',(-176.253268631415,-42.1817906359381,59.9161593821323));
#1470=CARTESIAN_POINT('',(-179.13355079198,-37.6451571435754,62.2374466068404));
#1471=CARTESIAN_POINT('Origin',(-179.178459717392,-37.3998985632944,62.2192417388947));
#1472=CARTESIAN_POINT('Ctrl Pts',(-179.13355079198,-37.6451571435754,62.2374466068401));
#1473=CARTESIAN_POINT('Ctrl Pts',(-179.323753714259,-37.7296403726886,61.5684811401993));
#1474=CARTESIAN_POINT('Ctrl Pts',(-179.373653812562,-38.246289715524,60.1773290220171));
#1475=CARTESIAN_POINT('Ctrl Pts',(-178.58970438672,-40.0389253760656,59.117252405258));
#1476=CARTESIAN_POINT('Ctrl Pts',(-177.525772337103,-41.4530046239997,59.4810899340484));
#1477=CARTESIAN_POINT('Ctrl Pts',(-176.807498369663,-41.9988901857572,59.9792315288391));
#1478=CARTESIAN_POINT('Ctrl Pts',(-176.579829970039,-42.1442980740714,60.1486522630442));
#1479=CARTESIAN_POINT('Ctrl Pts',(-178.977739102769,-37.2664940105915,62.1528003347599));
#1480=CARTESIAN_POINT('Ctrl Pts',(-178.975590177129,-37.2653669530511,62.1615552412777));
#1481=CARTESIAN_POINT('Ctrl Pts',(-178.97207367905,-37.2618798620386,62.1791337828101));
#1482=CARTESIAN_POINT('Ctrl Pts',(-178.969566547797,-37.2527128334293,62.2049663790138));
#1483=CARTESIAN_POINT('Ctrl Pts',(-178.97022788895,-37.2395469837675,62.2292465808863));
#1484=CARTESIAN_POINT('Ctrl Pts',(-178.974327546433,-37.222585720927,62.2508158482491));
#1485=CARTESIAN_POINT('Ctrl Pts',(-178.981843154752,-37.2025109174678,62.2684161952658));
#1486=CARTESIAN_POINT('Ctrl Pts',(-178.995929689656,-37.1728548990808,62.285531891054));
#1487=CARTESIAN_POINT('Ctrl Pts',(-179.019509567757,-37.1334633750897,62.2937002842943));
#1488=CARTESIAN_POINT('Ctrl Pts',(-179.046355729656,-37.096883656039,62.2860995157648));
#1489=CARTESIAN_POINT('Ctrl Pts',(-179.078686113586,-37.0580122895384,62.2659909134181));
#1490=CARTESIAN_POINT('Ctrl Pts',(-179.099526428993,-37.0371821334805,62.2439573200596));
#1491=CARTESIAN_POINT('Ctrl Pts',(-179.113629350587,-37.0253000474904,62.2241799501794));
#1492=CARTESIAN_POINT('Ctrl Pts',(-178.95204305901,-37.3060045923108,62.1510970928394));
#1493=CARTESIAN_POINT('Ctrl Pts',(-178.948945696266,-37.3050702695563,62.1622545147928));
#1494=CARTESIAN_POINT('Ctrl Pts',(-178.943665800666,-37.3015335597083,62.1850751317598));
#1495=CARTESIAN_POINT('Ctrl Pts',(-178.939320143658,-37.2904781218583,62.2199507385584));
#1496=CARTESIAN_POINT('Ctrl Pts',(-178.939456552574,-37.2731356524755,62.253925529273));
#1497=CARTESIAN_POINT('Ctrl Pts',(-178.944835215984,-37.2495231793009,62.284813411024));
#1498=CARTESIAN_POINT('Ctrl Pts',(-178.955548160219,-37.2208788797672,62.3099509487407));
#1499=CARTESIAN_POINT('Ctrl Pts',(-178.975947532729,-37.1786270113824,62.3334776516197));
#1500=CARTESIAN_POINT('Ctrl Pts',(-179.009059620308,-37.1249509778582,62.342046606918));
#1501=CARTESIAN_POINT('Ctrl Pts',(-179.043803739522,-37.0793632520511,62.3290502958209));
#1502=CARTESIAN_POINT('Ctrl Pts',(-179.083636685089,-37.0334027289336,62.3007357062844));
#1503=CARTESIAN_POINT('Ctrl Pts',(-179.107852413041,-37.0106195498923,62.2722896834096));
#1504=CARTESIAN_POINT('Ctrl Pts',(-179.123858717043,-36.9981530407982,62.2477840504116));
#1505=CARTESIAN_POINT('Ctrl Pts',(-178.922884461435,-37.3993258732909,62.1549928873462));
#1506=CARTESIAN_POINT('Ctrl Pts',(-178.918463292854,-37.3991545708872,62.1711423805439));
#1507=CARTESIAN_POINT('Ctrl Pts',(-178.910776945762,-37.3962720493462,62.2048075126398));
#1508=CARTESIAN_POINT('Ctrl Pts',(-178.904233826856,-37.3824456247333,62.2582261521122));
#1509=CARTESIAN_POINT('Ctrl Pts',(-178.904449320313,-37.35754741333,62.3119159950748));
#1510=CARTESIAN_POINT('Ctrl Pts',(-178.913002443125,-37.3211121527015,62.3615907218222));
#1511=CARTESIAN_POINT('Ctrl Pts',(-178.930101601969,-37.275409042379,62.401751932482));
#1512=CARTESIAN_POINT('Ctrl Pts',(-178.962291334181,-37.2075430754234,62.437781502437));
#1513=CARTESIAN_POINT('Ctrl Pts',(-179.012152925655,-37.1238584792975,62.4463800031937));
#1514=CARTESIAN_POINT('Ctrl Pts',(-179.059762328879,-37.0583434600477,62.4216428932113));
#1515=CARTESIAN_POINT('Ctrl Pts',(-179.111081025982,-36.9958366265516,62.3757749478518));
#1516=CARTESIAN_POINT('Ctrl Pts',(-179.139821304249,-36.9676974693369,62.333779806617));
#1517=CARTESIAN_POINT('Ctrl Pts',(-179.158109943942,-36.9530225542329,62.2993220807864));
#1518=CARTESIAN_POINT('Ctrl Pts',(-178.964308939382,-37.5636678310712,62.1851508435945));
#1519=CARTESIAN_POINT('Ctrl Pts',(-178.960620166918,-37.5645276167549,62.2079791990148));
#1520=CARTESIAN_POINT('Ctrl Pts',(-178.954692747908,-37.5625633968124,62.2556172932237));
#1521=CARTESIAN_POINT('Ctrl Pts',(-178.951828619428,-37.5457955365422,62.3312424175896));
#1522=CARTESIAN_POINT('Ctrl Pts',(-178.956932204484,-37.5127473464345,62.4071886387493));
#1523=CARTESIAN_POINT('Ctrl Pts',(-178.971621951019,-37.462542777837,62.477328173841));
#1524=CARTESIAN_POINT('Ctrl Pts',(-178.995767214993,-37.3981909366095,62.5338923165514));
#1525=CARTESIAN_POINT('Ctrl Pts',(-179.037769951178,-37.3011141589554,62.584446969536));
#1526=CARTESIAN_POINT('Ctrl Pts',(-179.098387877852,-37.1790066649911,62.5959807247897));
#1527=CARTESIAN_POINT('Ctrl Pts',(-179.152385010994,-37.0813708603277,62.5603546131544));
#1528=CARTESIAN_POINT('Ctrl Pts',(-179.20796207893,-36.9872837372055,62.494968952312));
#1529=CARTESIAN_POINT('Ctrl Pts',(-179.236968456807,-36.9439521421288,62.4356433049197));
#1530=CARTESIAN_POINT('Ctrl Pts',(-179.254462623451,-36.9209689781347,62.3872871460393));
#1531=CARTESIAN_POINT('Ctrl Pts',(-179.06609541505,-37.6341609724767,62.2191853824256));
#1532=CARTESIAN_POINT('Ctrl Pts',(-179.065193092471,-37.634043124797,62.2428261216973));
#1533=CARTESIAN_POINT('Ctrl Pts',(-179.064794884025,-37.6301006594438,62.2912547352507));
#1534=CARTESIAN_POINT('Ctrl Pts',(-179.069368961549,-37.6110017726971,62.3653988294326));
#1535=CARTESIAN_POINT('Ctrl Pts',(-179.079935635687,-37.5773157760406,62.4376594360635));
#1536=CARTESIAN_POINT('Ctrl Pts',(-179.096997317112,-37.528756520369,62.5033935118841));
#1537=CARTESIAN_POINT('Ctrl Pts',(-179.119982342838,-37.4676740811713,62.5570458753094));
#1538=CARTESIAN_POINT('Ctrl Pts',(-179.156440465563,-37.3751301927061,62.6076591873177));
#1539=CARTESIAN_POINT('Ctrl Pts',(-179.206648042894,-37.2530492017358,62.6271706639084));
#1540=CARTESIAN_POINT('Ctrl Pts',(-179.251985734719,-37.1455439471546,62.6008619921884));
#1541=CARTESIAN_POINT('Ctrl Pts',(-179.299313150965,-37.0348865727516,62.5422706389082));
#1542=CARTESIAN_POINT('Ctrl Pts',(-179.324111823622,-36.9785211821302,62.4829841017507));
#1543=CARTESIAN_POINT('Ctrl Pts',(-179.338718055781,-36.9464473383229,62.4320611324087));
#1544=CARTESIAN_POINT('Ctrl Pts',(-179.13355079198,-37.6451571435754,62.2374466068397));
#1545=CARTESIAN_POINT('Ctrl Pts',(-179.134174650292,-37.6436176902651,62.2597253149791));
#1546=CARTESIAN_POINT('Ctrl Pts',(-179.13670929011,-37.6370664757708,62.3045992229528));
#1547=CARTESIAN_POINT('Ctrl Pts',(-179.144695987123,-37.6160043916839,62.3710186937357));
#1548=CARTESIAN_POINT('Ctrl Pts',(-179.157026289152,-37.5833314338746,62.4339881783822));
#1549=CARTESIAN_POINT('Ctrl Pts',(-179.173584777193,-37.5393981736345,62.4905594578317));
#1550=CARTESIAN_POINT('Ctrl Pts',(-179.193746354556,-37.4858930137178,62.5374735306619));
#1551=CARTESIAN_POINT('Ctrl Pts',(-179.224161105287,-37.4051623910657,62.5843184610459));
#1552=CARTESIAN_POINT('Ctrl Pts',(-179.265567869445,-37.295168024698,62.6097132823943));
#1553=CARTESIAN_POINT('Ctrl Pts',(-179.30492357878,-37.190185920335,62.5948615808078));
#1554=CARTESIAN_POINT('Ctrl Pts',(-179.347324829853,-37.0764147351583,62.5485937129161));
#1555=CARTESIAN_POINT('Ctrl Pts',(-179.370540370736,-37.0133911830503,62.4952621383777));
#1556=CARTESIAN_POINT('Ctrl Pts',(-179.384058068489,-36.9761353062187,62.4465560656906));
#1557=CARTESIAN_POINT('',(-179.384058068489,-36.9761353062187,62.4465560656906));
#1558=CARTESIAN_POINT('Origin',(-179.315679790571,-37.1575996790374,62.2887742780645));
#1559=CARTESIAN_POINT('Ctrl Pts',(-179.384058068489,-36.9761353062187,62.4465560656906));
#1560=CARTESIAN_POINT('Ctrl Pts',(-179.370540370736,-37.0133911830503,62.4952621383777));
#1561=CARTESIAN_POINT('Ctrl Pts',(-179.347324829853,-37.0764147351583,62.5485937129161));
#1562=CARTESIAN_POINT('Ctrl Pts',(-179.30492357878,-37.190185920335,62.5948615808078));
#1563=CARTESIAN_POINT('Ctrl Pts',(-179.265567869445,-37.295168024698,62.6097132823943));
#1564=CARTESIAN_POINT('Ctrl Pts',(-179.224161105287,-37.4051623910657,62.5843184610459));
#1565=CARTESIAN_POINT('Ctrl Pts',(-179.193746354556,-37.4858930137178,62.5374735306619));
#1566=CARTESIAN_POINT('Ctrl Pts',(-179.173584777193,-37.5393981736345,62.4905594578317));
#1567=CARTESIAN_POINT('Ctrl Pts',(-179.157026289152,-37.5833314338746,62.4339881783822));
#1568=CARTESIAN_POINT('Ctrl Pts',(-179.144695987123,-37.6160043916839,62.3710186937357));
#1569=CARTESIAN_POINT('Ctrl Pts',(-179.13670929011,-37.6370664757708,62.3045992229528));
#1570=CARTESIAN_POINT('Ctrl Pts',(-179.134174650292,-37.6436176902651,62.2597253149791));
#1571=CARTESIAN_POINT('Ctrl Pts',(-179.13355079198,-37.6451571435754,62.2374466068397));
#1572=CARTESIAN_POINT('Ctrl Pts',(-179.648634067329,-23.8942787106295,47.2864910823341));
#1573=CARTESIAN_POINT('Ctrl Pts',(-179.813464654352,-24.1514759638292,47.5108598582642));
#1574=CARTESIAN_POINT('Ctrl Pts',(-180.736713022818,-25.6947707746067,48.8856883137509));
#1575=CARTESIAN_POINT('Ctrl Pts',(-181.873308553748,-28.8733514108312,52.0487954379692));
#1576=CARTESIAN_POINT('Ctrl Pts',(-181.914371309871,-32.9282928608475,56.6945762820207));
#1577=CARTESIAN_POINT('Ctrl Pts',(-180.744720405976,-35.6797784714095,60.3659463046903));
#1578=CARTESIAN_POINT('Ctrl Pts',(-179.614735686066,-36.7817832870529,62.1230630550203));
#1579=CARTESIAN_POINT('Ctrl Pts',(-179.384058068489,-36.9761353062188,62.4465560656906));
#1580=CARTESIAN_POINT('Ctrl Pts',(-179.592481654951,-23.901645410768,47.3192984104645));
#1581=CARTESIAN_POINT('Ctrl Pts',(-179.756725256175,-24.1578836455618,47.5428186055955));
#1582=CARTESIAN_POINT('Ctrl Pts',(-180.676651887844,-25.6958254500463,48.9129301333621));
#1583=CARTESIAN_POINT('Ctrl Pts',(-181.810228711387,-28.8646949669382,52.0661767521964));
#1584=CARTESIAN_POINT('Ctrl Pts',(-181.851031858864,-32.9103755181399,56.7014191708185));
#1585=CARTESIAN_POINT('Ctrl Pts',(-180.684909468754,-35.65199980141,60.3599185491704));
#1586=CARTESIAN_POINT('Ctrl Pts',(-179.560660713035,-36.7480714240276,62.1077257427579));
#1587=CARTESIAN_POINT('Ctrl Pts',(-179.331161386996,-36.9414993436737,62.429645310195));
#1588=CARTESIAN_POINT('Ctrl Pts',(-179.465814191765,-23.9556482502348,47.3504493150809));
#1589=CARTESIAN_POINT('Ctrl Pts',(-179.628863118609,-24.2100233789608,47.572344496317));
#1590=CARTESIAN_POINT('Ctrl Pts',(-180.542277080202,-25.7371162469887,48.932801105678));
#1591=CARTESIAN_POINT('Ctrl Pts',(-181.669731862882,-28.8867348579801,52.0665604376705));
#1592=CARTESIAN_POINT('Ctrl Pts',(-181.710018128354,-32.9141499045627,56.6810197552272));
#1593=CARTESIAN_POINT('Ctrl Pts',(-180.551025807584,-35.6357207784555,60.3133657905313));
#1594=CARTESIAN_POINT('Ctrl Pts',(-179.438091662701,-36.720423317749,62.0431939941359));
#1595=CARTESIAN_POINT('Ctrl Pts',(-179.210978875225,-36.9118388717607,62.3617648857039));
#1596=CARTESIAN_POINT('Ctrl Pts',(-179.383670764796,-24.0563745435284,47.2953312327124));
#1597=CARTESIAN_POINT('Ctrl Pts',(-179.546210944867,-24.3099979067883,47.5165822875116));
#1598=CARTESIAN_POINT('Ctrl Pts',(-180.45696781895,-25.8324923207459,48.8729017367772));
#1599=CARTESIAN_POINT('Ctrl Pts',(-181.581825802915,-28.9741540327327,51.9986352434684));
#1600=CARTESIAN_POINT('Ctrl Pts',(-181.621897346542,-32.9940642111319,56.6045562885905));
#1601=CARTESIAN_POINT('Ctrl Pts',(-180.465917221651,-35.7071034273639,60.2257846866826));
#1602=CARTESIAN_POINT('Ctrl Pts',(-179.35763267458,-36.787295902648,61.9484108713135));
#1603=CARTESIAN_POINT('Ctrl Pts',(-179.131530741885,-36.9777927857791,62.2654871255858));
#1604=CARTESIAN_POINT('Ctrl Pts',(-179.365769373498,-24.1038818052397,47.254024057306));
#1605=CARTESIAN_POINT('Ctrl Pts',(-179.52830955357,-24.3575051684996,47.4752751121052));
#1606=CARTESIAN_POINT('Ctrl Pts',(-180.439066427653,-25.8799995824572,48.8315945613708));
#1607=CARTESIAN_POINT('Ctrl Pts',(-181.563924411618,-29.021661294444,51.957328068062));
#1608=CARTESIAN_POINT('Ctrl Pts',(-181.603995955244,-33.0415714728432,56.5632491131841));
#1609=CARTESIAN_POINT('Ctrl Pts',(-180.448015830353,-35.7546106890752,60.1844775112762));
#1610=CARTESIAN_POINT('Ctrl Pts',(-179.339731283282,-36.8348031643594,61.9071036959071));
#1611=CARTESIAN_POINT('Ctrl Pts',(-179.113629350587,-37.0253000474904,62.2241799501794));
#1612=CARTESIAN_POINT('Ctrl Pts',(-179.682922752221,-23.9480320273754,47.3334528438702));
#1613=CARTESIAN_POINT('Ctrl Pts',(-179.834967110974,-24.1875051803053,47.5429783827937));
#1614=CARTESIAN_POINT('Ctrl Pts',(-180.74325322195,-25.7130609664585,48.9038894679046));
#1615=CARTESIAN_POINT('Ctrl Pts',(-181.873308553748,-28.8733514108312,52.0487954379692));
#1616=CARTESIAN_POINT('Ctrl Pts',(-181.914371309871,-32.9282928608475,56.6945762820207));
#1617=CARTESIAN_POINT('Ctrl Pts',(-180.744720405976,-35.6797784714095,60.3659463046903));
#1618=CARTESIAN_POINT('Ctrl Pts',(-179.614735686066,-36.7817832870529,62.1230630550203));
#1619=CARTESIAN_POINT('Ctrl Pts',(-179.384058068489,-36.9761353062188,62.4465560656906));
#1620=CARTESIAN_POINT('Origin',(-182.005245511582,-43.3636540534122,58.8186030944365));
#1621=CARTESIAN_POINT('',(-182.072620422916,-43.2336840254847,59.0212565256021));
#1622=CARTESIAN_POINT('',(-182.010968743307,-43.5288724967609,59.0061400523836));
#1623=CARTESIAN_POINT('Ctrl Pts',(-176.39893347013,-42.4334501642526,60.1424651439198));
#1624=CARTESIAN_POINT('Ctrl Pts',(-175.606013967825,-44.5377242782365,58.3128160166422));
#1625=CARTESIAN_POINT('Ctrl Pts',(-174.813094465521,-46.6419983922205,56.4831668893645));
#1626=CARTESIAN_POINT('Ctrl Pts',(-174.020174963217,-48.7462725062045,54.6535177620868));
#1627=CARTESIAN_POINT('Ctrl Pts',(-176.356035494107,-42.4249416008839,60.1512702704948));
#1628=CARTESIAN_POINT('Ctrl Pts',(-175.563115991803,-44.5292157148679,58.3216211432172));
#1629=CARTESIAN_POINT('Ctrl Pts',(-174.770196489499,-46.6334898288519,56.4919720159395));
#1630=CARTESIAN_POINT('Ctrl Pts',(-173.977276987195,-48.7377639428359,54.6623228886619));
#1631=CARTESIAN_POINT('Ctrl Pts',(-176.269623098819,-42.3874087555319,60.1455526051364));
#1632=CARTESIAN_POINT('Ctrl Pts',(-175.476703596514,-44.4916828695159,58.3159034778587));
#1633=CARTESIAN_POINT('Ctrl Pts',(-174.68378409421,-46.5959569834998,56.486254350581));
#1634=CARTESIAN_POINT('Ctrl Pts',(-173.890864591906,-48.7002310974838,54.6566052233034));
#1635=CARTESIAN_POINT('Ctrl Pts',(-176.206662138558,-42.3097149156914,60.0834826918262));
#1636=CARTESIAN_POINT('Ctrl Pts',(-175.413742636254,-44.4139890296754,58.2538335645486));
#1637=CARTESIAN_POINT('Ctrl Pts',(-174.62082313395,-46.5182631436594,56.4241844372709));
#1638=CARTESIAN_POINT('Ctrl Pts',(-173.827903631646,-48.6225372576434,54.5945353099932));
#1639=CARTESIAN_POINT('Ctrl Pts',(-176.197111103758,-42.233655866399,60.000146556757));
#1640=CARTESIAN_POINT('Ctrl Pts',(-175.404191601454,-44.337929980383,58.1704974294793));
#1641=CARTESIAN_POINT('Ctrl Pts',(-174.61127209915,-46.442204094367,56.3408483022017));
#1642=CARTESIAN_POINT('Ctrl Pts',(-173.818352596846,-48.5464782083509,54.511199174924));
#1643=CARTESIAN_POINT('Ctrl Pts',(-176.224098296994,-42.1969987899383,59.9462918545352));
#1644=CARTESIAN_POINT('Ctrl Pts',(-175.43117879469,-44.3012729039222,58.1166427272575));
#1645=CARTESIAN_POINT('Ctrl Pts',(-174.638259292386,-46.4055470179062,56.2869935999799));
#1646=CARTESIAN_POINT('Ctrl Pts',(-173.845339790082,-48.5098211318902,54.4573444727022));
#1647=CARTESIAN_POINT('Ctrl Pts',(-176.253268631415,-42.1817906359381,59.9161593821323));
#1648=CARTESIAN_POINT('Ctrl Pts',(-175.46034912911,-44.2860647499221,58.0865102548546));
#1649=CARTESIAN_POINT('Ctrl Pts',(-174.667429626806,-46.3903388639061,56.256861127577));
#1650=CARTESIAN_POINT('Ctrl Pts',(-173.874510124502,-48.4946129778901,54.4272120002993));
#1651=CARTESIAN_POINT('Ctrl Pts',(-176.39893347013,-42.4334501642526,60.1424651439198));
#1652=CARTESIAN_POINT('Ctrl Pts',(-175.606013967825,-44.5377242782365,58.3128160166422));
#1653=CARTESIAN_POINT('Ctrl Pts',(-174.813094465521,-46.6419983922205,56.4831668893645));
#1654=CARTESIAN_POINT('Ctrl Pts',(-174.020174963217,-48.7462725062045,54.6535177620868));
#1655=CARTESIAN_POINT('Origin',(-183.709266033658,-39.021879018168,62.92493401081));
#1656=CARTESIAN_POINT('Origin',(-182.921050469935,-41.5970143108749,61.57320437573));
#1657=CARTESIAN_POINT('',(-183.486573762563,-38.5085538635306,61.3439564752738));
#1658=CARTESIAN_POINT('Origin',(-183.558428043222,-38.1161401350809,61.3148286865613));
#1659=CARTESIAN_POINT('',(-183.66783328789,-37.825797138571,61.5672795467631));
#1660=CARTESIAN_POINT('Origin',(-183.205621641827,-24.4826560034813,46.4216817114665));
#1661=CARTESIAN_POINT('Origin',(-177.691977576886,-54.9907438262158,49.0401366997112));
#1662=UNCERTAINTY_MEASURE_WITH_UNIT(LENGTH_MEASURE(0.01),#1666,
'DISTANCE_ACCURACY_VALUE',
'Maximum model space distance between geometric entities at asserted c
onnectivities');
#1663=UNCERTAINTY_MEASURE_WITH_UNIT(LENGTH_MEASURE(0.01),#1666,
'DISTANCE_ACCURACY_VALUE',
'Maximum model space distance between geometric entities at asserted c
onnectivities');
#1664=(
GEOMETRIC_REPRESENTATION_CONTEXT(3)
GLOBAL_UNCERTAINTY_ASSIGNED_CONTEXT((#1662))
GLOBAL_UNIT_ASSIGNED_CONTEXT((#1666,#1668,#1669))
REPRESENTATION_CONTEXT('','3D')
);
#1665=(
GEOMETRIC_REPRESENTATION_CONTEXT(3)
GLOBAL_UNCERTAINTY_ASSIGNED_CONTEXT((#1663))
GLOBAL_UNIT_ASSIGNED_CONTEXT((#1666,#1668,#1669))
REPRESENTATION_CONTEXT('','3D')
);
#1666=(
LENGTH_UNIT()
NAMED_UNIT(*)
SI_UNIT(.MILLI.,.METRE.)
);
#1667=(
LENGTH_UNIT()
NAMED_UNIT(*)
SI_UNIT($,.METRE.)
);
#1668=(
NAMED_UNIT(*)
PLANE_ANGLE_UNIT()
SI_UNIT($,.RADIAN.)
);
#1669=(
NAMED_UNIT(*)
SI_UNIT($,.STERADIAN.)
SOLID_ANGLE_UNIT()
);
#1670=SHAPE_DEFINITION_REPRESENTATION(#1671,#1672);
#1671=PRODUCT_DEFINITION_SHAPE('',$,#1674);
#1672=SHAPE_REPRESENTATION('',(#513),#1664);
#1673=PRODUCT_DEFINITION_CONTEXT('part definition',#1678,'design');
#1674=PRODUCT_DEFINITION('StimulHeat_Valve_Index_Cache Peltier',
'StimulHeat_Valve_Index_Cache Peltier v2',#1675,#1673);
#1675=PRODUCT_DEFINITION_FORMATION('',$,#1680);
#1676=PRODUCT_RELATED_PRODUCT_CATEGORY(
'StimulHeat_Valve_Index_Cache Peltier v2',
'StimulHeat_Valve_Index_Cache Peltier v2',(#1680));
#1677=APPLICATION_PROTOCOL_DEFINITION('international standard',
'automotive_design',2009,#1678);
#1678=APPLICATION_CONTEXT(
'Core Data for Automotive Mechanical Design Process');
#1679=PRODUCT_CONTEXT('part definition',#1678,'mechanical');
#1680=PRODUCT('StimulHeat_Valve_Index_Cache Peltier',
'StimulHeat_Valve_Index_Cache Peltier v2',$,(#1679));
#1681=PRESENTATION_STYLE_ASSIGNMENT((#1682));
#1682=SURFACE_STYLE_USAGE(.BOTH.,#1683);
#1683=SURFACE_SIDE_STYLE('',(#1684));
#1684=SURFACE_STYLE_FILL_AREA(#1685);
#1685=FILL_AREA_STYLE('Acier - Satin\X\E9',(#1686));
#1686=FILL_AREA_STYLE_COLOUR('Acier - Satin\X\E9',#1687);
#1687=COLOUR_RGB('Acier - Satin\X\E9',0.627450980392157,0.627450980392157,
0.627450980392157);
ENDSEC;
END-ISO-10303-21;
